date,sio,signal
20250625,-51.84,과매도 ⚠
20250626,-66.77,과매도 ⚠
20250627,-57.85,과매도 ⚠
20250630,61.53,과매수 ⚠
20250701,53.42,과매수 ⚠
20250702,-51.53,과매도 ⚠
20250703,74.59,과매수 ⚠
20250704,-68.95,과매도 ⚠
20250707,60.84,과매수 ⚠
20250708,74.96,과매수 ⚠
20250709,77.46,과매수 ⚠
20250710,69.2,과매수 ⚠
20250711,68.36,과매수 ⚠
20250714,54.73,과매수 ⚠
20250715,79.83,과매수 ⚠
20250716,57.44,과매수 ⚠
20250717,64.79,과매수 ⚠
20250718,58.95,과매수 ⚠
20250721,61.06,과매수 ⚠
20250722,-58.66,과매도 ⚠
20250723,55.16,과매수 ⚠
20250724,-53.1,과매도 ⚠
20250725,53.53,과매수 ⚠
20250728,-52.32,과매도 ⚠
20250729,61.35,과매수 ⚠
20250730,51.14,과매수 ⚠
20250731,61.78,과매수 ⚠
20250801,-84.31,패닉 셀링 🔵
20250804,80.9,패닉 바잉 🔴
20250805,83.18,패닉 바잉 🔴
20250806,72.78,과매수 ⚠
20250807,67.64,과매수 ⚠
20250808,71.26,과매수 ⚠
20250811,61.2,과매수 ⚠
20250812,-55.78,과매도 ⚠
20250813,65.83,과매수 ⚠
20250814,61.91,과매수 ⚠
20250818,-64.26,과매도 ⚠
20250819,-59.88,과매도 ⚠
20250820,-66.03,과매도 ⚠
20250821,57.95,과매수 ⚠
20250822,68.44,과매수 ⚠
20250825,85.09,패닉 바잉 🔴
20250826,66.76,과매수 ⚠
20250827,61.01,과매수 ⚠
20250828,-51.7,과매도 ⚠
20250829,57.61,과매수 ⚠
20250901,-64.25,과매도 ⚠
20250902,76.6,과매수 ⚠
20250903,62.86,과매수 ⚠
20250904,82.46,패닉 바잉 🔴
20250905,73.29,과매수 ⚠
20250908,76.18,과매수 ⚠
20250909,71.03,과매수 ⚠
20250910,75.86,과매수 ⚠
20250911,63.67,과매수 ⚠
20250912,78.11,과매수 ⚠
20250915,69.49,과매수 ⚠
20250916,55.66,과매수 ⚠
20250917,-54.26,과매도 ⚠
20250918,83.91,패닉 바잉 🔴
20250919,71.86,과매수 ⚠
20250922,72.35,과매수 ⚠
20250923,53.21,과매수 ⚠
20250924,-55.29,과매도 ⚠
20250925,-61.18,과매도 ⚠
20250926,-66.65,과매도 ⚠
20250929,80.34,패닉 바잉 🔴
20250930,51.37,과매수 ⚠
20251001,62.02,과매수 ⚠
20251002,67.17,과매수 ⚠
20251010,66.93,과매수 ⚠
20251013,58.97,과매수 ⚠
20251014,-64.86,과매도 ⚠
20251015,86.89,패닉 바잉 🔴
20251016,-50.23,과매도 ⚠
20251017,-63.39,과매도 ⚠
20251020,82.51,패닉 바잉 🔴
20251021,-54.49,과매도 ⚠
20251022,67.51,과매수 ⚠
20251023,-51.66,과매도 ⚠
20251024,68.17,과매수 ⚠
20251027,79.47,과매수 ⚠
20251028,56.22,과매수 ⚠
20251029,59.72,과매수 ⚠
20251030,-56.47,과매도 ⚠
20251031,67.28,과매수 ⚠
20251103,76.96,과매수 ⚠
20251104,69.1,과매수 ⚠
20251105,-76.47,과매도 ⚠
20251106,-56.68,과매도 ⚠
20251107,-65.66,과매도 ⚠
20251110,76.01,과매수 ⚠
20251111,-52.86,과매도 ⚠
20251112,77.71,과매수 ⚠
20251113,76.85,과매수 ⚠
20251114,-62.36,과매도 ⚠
20251117,64.54,과매수 ⚠
20251118,-70.5,과매도 ⚠
20251119,-52.95,과매도 ⚠
20251120,86.02,패닉 바잉 🔴
20251121,-69.25,과매도 ⚠
20251124,-57.89,과매도 ⚠
20251125,56.62,과매수 ⚠
20251126,86.18,패닉 바잉 🔴
20251127,63.52,과매수 ⚠
20251128,91.41,패닉 바잉 🔴
20251201,65.42,과매수 ⚠
20251202,73.04,과매수 ⚠
20251203,68.76,과매수 ⚠
20251204,61.38,과매수 ⚠
20251205,-55.22,과매도 ⚠
20251208,54.65,과매수 ⚠
20251209,63.36,과매수 ⚠
20251210,63.17,과매수 ⚠
20251211,54.12,과매수 ⚠
20251212,64.63,과매수 ⚠
20251215,58.8,과매수 ⚠
20251216,-62.89,과매도 ⚠
20251217,-52.61,과매도 ⚠
20251218,50.41,과매수 ⚠
20251219,77.42,과매수 ⚠
20251222,80.64,패닉 바잉 🔴
20251223,-60.05,과매도 ⚠
20251224,51.67,과매수 ⚠
20251226,61.27,과매수 ⚠
20251229,73.85,과매수 ⚠
20251230,-51.19,과매도 ⚠
20260102,76.06,과매수 ⚠
20260105,68.66,과매수 ⚠
20260106,50.1,과매수 ⚠
20260107,-56.31,과매도 ⚠
20260108,52.85,과매수 ⚠
20260109,59.87,과매수 ⚠
20260112,59.67,과매수 ⚠
20260113,55.5,과매수 ⚠
20260114,-55.1,과매도 ⚠
20260115,75.2,과매수 ⚠
20260116,58.47,과매수 ⚠
20260119,77.61,과매수 ⚠
20260120,64.06,과매수 ⚠
20260121,-57.52,과매도 ⚠
20260122,69.2,과매수 ⚠
20260123,70.46,과매수 ⚠
20260126,87.83,패닉 바잉 🔴
20260127,75.29,과매수 ⚠
20260128,87.91,패닉 바잉 🔴
20260129,82.16,패닉 바잉 🔴
20260130,-50.81,과매도 ⚠
20260202,-78.52,과매도 ⚠
20260203,92.58,패닉 바잉 🔴
20260204,58.63,과매수 ⚠
20260205,-78.44,과매도 ⚠
20260206,-63.8,과매도 ⚠
20260209,90.73,패닉 바잉 🔴
20260210,-59.54,과매도 ⚠
20260211,52.18,과매수 ⚠
20260212,67.02,과매수 ⚠
20260213,-65.47,과매도 ⚠
20260219,88.1,패닉 바잉 🔴
20260220,-54.52,과매도 ⚠
20260223,53.81,과매수 ⚠
20260224,70.98,과매수 ⚠
20260225,53.52,과매수 ⚠
20260226,72.03,과매수 ⚠
20260227,56.17,과매수 ⚠
20260303,-79.69,과매도 ⚠
20260304,-95.43,패닉 셀링 🔵
20260305,98.42,패닉 바잉 🔴
20260306,86.77,패닉 바잉 🔴
20260309,-76.93,과매도 ⚠
20260310,83.19,패닉 바잉 🔴
20260311,56.58,과매수 ⚠
20260312,70.7,과매수 ⚠
20260313,63.09,과매수 ⚠
20260316,-57.34,과매도 ⚠
20260317,51.06,과매수 ⚠
20260318,82.01,패닉 바잉 🔴
20260319,-62.67,과매도 ⚠
20260320,70.35,과매수 ⚠
20260323,-82.62,패닉 셀링 🔵
20260324,72.54,과매수 ⚠
20260325,84.38,패닉 바잉 🔴
20260326,-59.55,과매도 ⚠
20260327,59.68,과매수 ⚠
20260330,-68.42,과매도 ⚠
20260331,-84.87,패닉 셀링 🔵
20260401,90.63,패닉 바잉 🔴
20260402,-76.89,과매도 ⚠
20260403,64.94,과매수 ⚠
20260406,-64.52,과매도 ⚠
20260407,-61.75,과매도 ⚠
20260408,88.32,패닉 바잉 🔴
20260409,-58.97,과매도 ⚠
20260410,80.22,패닉 바잉 🔴
20260413,71.57,과매수 ⚠
20260414,83.29,패닉 바잉 🔴
20260415,84.21,패닉 바잉 🔴
20260416,65.68,과매수 ⚠
20260417,65.5,과매수 ⚠
20260420,63.31,과매수 ⚠
20260421,57.27,과매수 ⚠
20260422,61.66,과매수 ⚠
20260423,50.92,과매수 ⚠
20260424,85.72,패닉 바잉 🔴
20260427,77.94,과매수 ⚠
20260428,-57.36,과매도 ⚠
20260429,64.58,과매수 ⚠
20260430,-67.08,과매도 ⚠
20260504,80.39,패닉 바잉 🔴
20260506,52.41,과매수 ⚠
20260507,-53.62,과매도 ⚠
20260508,67.76,과매수 ⚠
20260511,61.67,과매수 ⚠
20260512,-66.66,과매도 ⚠
20260513,56.37,과매수 ⚠
20260514,64.27,과매수 ⚠
20260515,-82.71,패닉 셀링 🔵
20260518,-57.34,과매도 ⚠
20260519,-67.9,과매도 ⚠
20260520,-64.23,과매도 ⚠
20260521,84.09,패닉 바잉 🔴
20260522,89.7,패닉 바잉 🔴
20260526,67.18,과매수 ⚠
20260527,-78.61,과매도 ⚠
20260528,-71.15,과매도 ⚠
20260529,-79.06,과매도 ⚠
20260601,-71.52,과매도 ⚠
20260602,-68.26,과매도 ⚠
20260604,73.29,과매수 ⚠
20260605,-79.0,과매도 ⚠
20260608,-94.08,패닉 셀링 🔵
20260609,92.49,패닉 바잉 🔴
20260610,-67.84,과매도 ⚠
20260611,90.82,패닉 바잉 🔴
20260612,79.37,과매수 ⚠
20260615,54.33,과매수 ⚠
20260616,-64.74,과매도 ⚠
20260617,69.53,과매수 ⚠
20260618,-75.02,과매도 ⚠
20260619,-88.95,패닉 셀링 🔵
20260622,57.94,과매수 ⚠
20260623,-92.48,패닉 셀링 🔵
20260624,69.54,과매수 ⚠
20260625,-71.95,과매도 ⚠
