date,sio,D,E,F,G,H,I,J,K
20240213,63.82,0.6382355579843679,0.36176444201563207,96518745.0,57987659.0,2.430880761302675,1.2987211997766872,0.6246909027796673,0.6517802131890685
20240214,-78.41,0.2158512519331437,0.7841487480668563,24387971.0,90688033.0,0.7558914931854122,2.6835237827447074,0.21192924808198937,0.21977325578429804
20240215,-60.22,0.3978391019684785,0.6021608980315216,40858777.0,71611197.0,1.2875542671431282,1.6901926044530369,0.36328608913877763,0.4323921147981793
20240216,79.54,0.7954182686158591,0.20458173138414096,83446176.0,33911517.0,3.9054750164825047,0.5335980847648254,0.7110413801334694,0.8797951570982486
20240219,85.92,0.8591998416193252,0.14080015838067492,115342335.0,15717385.0,3.537952993450056,0.6823109639304921,0.8800746331519708,0.8383250500866795
20240220,-76.36,0.2363823119115181,0.763617688088482,24704825.0,87132624.0,0.8765039689398142,2.6035475592554356,0.22089939658763139,0.2518652272354048
20240221,50.16,0.501595288871137,0.49840471112886303,48521634.0,56701873.0,1.4601715275216487,1.2335669471482857,0.4611292227695851,0.5420613549726889
20240222,62.95,0.6294732453531129,0.370526754646887,91946037.0,39344987.0,1.5398718902410231,1.2166718166014472,0.7003223388675832,0.5586241518386427
20240223,50.56,0.5056017291015332,0.4943982708984668,60336378.0,70512234.0,1.5174181458748408,1.241084889220458,0.4611159192120433,0.5500875389910231
20240226,-68.61,0.31388079508532385,0.6861192049146762,52756684.0,90821924.0,1.0983729785259682,3.1209377894097816,0.3674411162977705,0.26032047387287727
20240227,-61.43,0.385679058017678,0.6143209419823219,69695773.0,66505785.0,0.9047831210008821,2.5798753538124526,0.5117105415196499,0.2596475745157061
20240228,76.72,0.7672113936727708,0.23278860632722922,100789756.0,27305902.0,2.9438772947024443,0.9939415444907588,0.786831947106279,0.7475908402392626
20240229,-52.44,0.47560881942466393,0.524391180575336,112236188.0,64120609.0,1.0785149091961654,2.3474932389820777,0.6364154368260612,0.31480220202326675
20240304,59.68,0.5968340744659782,0.4031659255340217,105547439.0,69070677.0,2.5601280395026693,1.7848095193197313,0.6044472441794069,0.5892209047525496
20240305,-63.2,0.36802921961841656,0.6319707803815835,50055554.0,93709478.0,1.2542651737417096,1.9793579595186657,0.3481761406348103,0.38788229860202283
20240306,51.78,0.5178243456214248,0.48217565437857524,69692479.0,59636031.0,1.4963977281272325,1.5158616186526261,0.5388794705823179,0.4967692206605317
20240307,-58.16,0.41835824310644965,0.5816417568935505,43596897.0,88598425.0,1.633414219894833,1.5887869908732422,0.329791526208469,0.5069249600044302
20240308,74.97,0.7496751682846728,0.25032483171532716,87226199.0,34484417.0,2.4090784768733933,0.6689019159197409,0.716668782614657,0.7826815539546886
20240311,-54.7,0.4530309049155568,0.5469690950844432,64930524.0,57634441.0,1.303986699013105,2.1613196900215326,0.5297641458960153,0.37629766393509834
20240312,59.93,0.5993019886540776,0.4006980113459224,69280058.0,42738843.0,1.6755690863647619,1.2126638848189255,0.6184675745033421,0.580136402804813
20240313,58.53,0.5852545213823098,0.4147454786176902,80153048.0,57065106.0,1.8789983579159097,1.3254031132618276,0.5841285986109389,0.5863804441536807
20240314,83.84,0.8383804674364124,0.16161953256358771,241456039.0,26959043.0,3.5961248583851417,1.0309084937185182,0.8995621155148056,0.777198819358019
20240315,-80.32,0.19682017604897217,0.8031798239510278,34054232.0,157924800.0,0.8238043635859293,2.985604184370479,0.177385163604742,0.21625518849320235
20240318,66.99,0.6699373454142898,0.33006265458571016,82396642.0,45419097.0,2.6219511660459105,1.1494307551693037,0.6446517670253427,0.695222923803237
20240319,-81.07,0.18931825646961617,0.8106817435303839,16053715.0,102358485.0,0.7997636780006419,2.4906097750032883,0.13557483941688442,0.24306167352234792
20240320,69.57,0.6957138579811073,0.3042861420188927,101758585.0,40120199.0,1.6599209497582814,0.8021183161139438,0.7172219984631388,0.6742057174990758
20240321,94.34,0.9434497620606216,0.05655023793937844,141709508.0,5987434.0,3.4104351560112973,0.2668290186302764,0.9594613543183582,0.927438169802885
20240322,-54.62,0.453806598283571,0.5461934017164289,54752372.0,71905870.0,1.1855220550532344,1.3085869991085617,0.4322843198786858,0.4753288766884562
20240325,-70.28,0.29722005278324815,0.702779947216752,26244817.0,79926840.0,1.0255877798303288,1.9278874869443894,0.24719230858382477,0.3472477969826715
20240326,66.91,0.669077777732388,0.33092222226761203,93326917.0,43237595.0,1.9458172371036235,1.025962953987601,0.6833906966987148,0.654764858766061
20240327,-53.9,0.4610162114206678,0.5389837885793323,58901992.0,97098876.0,1.7391006511725875,1.4550883643877706,0.3775747709301207,0.5444576519112149
20240328,-53.73,0.4627396324005314,0.5372603675994686,77676140.0,61721042.0,1.182844073505352,2.0292209335905893,0.5572289115571935,0.3682503532438693
20240329,-63.87,0.36128819804807455,0.6387118019519255,71292573.0,65989647.0,0.6379480053894326,2.5005954985203194,0.519313957772536,0.20326243832361313
20240401,66.41,0.6641487139631261,0.3358512860368739,63964152.0,48176136.0,3.0888821807443305,0.9866797350518238,0.5703940407215647,0.7579033872046875
20240402,-55.83,0.4416757436430755,0.5583242563569245,90420807.0,61539357.0,0.9755663330745543,2.4080359181274265,0.5950296750140386,0.2883218122721124
20240403,-76.28,0.2372462437553292,0.7627537562446707,38949197.0,108071730.0,0.734157268689335,2.7690082407361176,0.2649228092542227,0.20956967825643574
20240404,70.82,0.7082464359349259,0.291753564065074,102478381.0,30250475.0,2.1417155620881143,1.1818411912248226,0.7720881810357801,0.6444046908340717
20240405,-59.33,0.4066999421559462,0.5933000578440538,82014758.0,79355305.0,0.9529850844493546,2.1699214736635595,0.5082402304075446,0.30515965390434774
20240408,56.14,0.5613901774556268,0.4386098225443732,67911457.0,30782516.0,1.2867202586350377,1.6734417743726615,0.6881013595429987,0.4346789953682549
20240409,-53.02,0.4697680754669763,0.5302319245330237,51034506.0,70579806.0,1.4755494738837265,1.3626248711369922,0.419642270393307,0.5198938805406456
20240411,-60.84,0.39159504517993776,0.6084049548200623,65667842.0,87121363.0,1.3684465489230966,2.5038246295411297,0.4297937279011302,0.35339636245874534
20240412,-59.69,0.4030691759049981,0.596930824095002,79090217.0,88468327.0,1.5241218071560187,3.037438250834022,0.4720154228602034,0.33412292894979273
20240415,-54.3,0.4569986325075597,0.5430013674924403,61959546.0,63844782.0,1.3872784166177443,1.9040889454273544,0.49250726890731455,0.42148999610780474
20240416,-90.17,0.09834677132868513,0.9016532286713149,13942916.0,126293247.0,0.46165709474977357,4.284532155856928,0.09942454001682861,0.09726900264054164
20240417,-67.06,0.3294274540542258,0.6705725459457743,32057263.0,76067850.0,1.2889664675412795,2.2680604631154435,0.2964830473749424,0.3623718607335092
20240418,95.44,0.954358309615424,0.04564169038457602,149347143.0,6989249.0,4.548605508421483,0.2222098158154333,0.9552935250034426,0.9534230942274053
20240419,-74.37,0.2563332776527675,0.7436667223472324,53436973.0,106038478.0,0.6242618791741747,2.8909847048665247,0.3350796167367478,0.17758693856878718
20240422,65.79,0.6578999963237654,0.3421000036762347,63766856.0,83374143.0,5.812832816294735,0.7744874675141084,0.43337245521895634,0.8824275374285744
20240423,55.48,0.5547883620597,0.44521163794030005,73135654.0,56842492.0,1.5965028948372622,1.3226822749043246,0.5626765441014984,0.5469001800179015
20240424,81.39,0.8139171830952672,0.18608281690473286,112074701.0,24706381.0,2.4996184347553,0.5922026286256105,0.8193728208700674,0.8084615453204669
20240425,-65.65,0.3434524602543848,0.6565475397456152,39103250.0,67288921.0,1.011894921487581,2.1565529223279443,0.3675387919285903,0.3193661285801793
20240426,81.64,0.8163615297349224,0.18363847026507757,133634674.0,21929786.0,2.4701071076739414,0.7225154278783941,0.8590308737612691,0.7736921857085757
20240429,87.7,0.8769924431063981,0.12300755689360182,105636405.0,25958674.0,5.086129678557171,0.26067476618399166,0.8027382619679874,0.9512466242448089
20240430,-59.62,0.4037691978099276,0.5962308021900724,54565447.0,72576353.0,0.9883457452826419,1.6237798206534808,0.42917000545847234,0.37836839016138285
20240502,-60.04,0.39955656045972554,0.6004434395402745,51182210.0,56779547.0,1.3440635523944362,2.791059869234723,0.474077223474605,0.325035897444846
20240503,-57.25,0.4274861755634236,0.5725138244365764,36164854.0,55726800.0,1.357099652109035,1.584084816558444,0.39355972415079177,0.4614126269760554
20240507,78.68,0.7868439556462615,0.21315604435373847,122102060.0,36578709.0,2.930682851561018,0.7135136059389369,0.7694824065290483,0.8042055047634747
20240508,76.37,0.7636965707368222,0.23630342926317785,83557131.0,24672693.0,1.878883850140877,0.6085216353330029,0.7720342500048785,0.7553588914687658
20240509,-59.82,0.4017731912615679,0.5982268087384321,74340986.0,79311207.0,1.0109612372206755,2.151059480442616,0.4838263909451654,0.31971999157797043
20240510,70.97,0.7097284203653506,0.2902715796346495,100466239.0,47079319.0,2.627021171353444,0.9300248659458702,0.6809167308174741,0.738540109913227
20240513,65.68,0.65675837796381,0.34324162203619,153831670.0,56136960.0,1.8502810548398667,1.3350502100719304,0.7326412045456505,0.5808755513819696
20240514,-54.87,0.4512510812833138,0.5487489187166862,41239254.0,87230251.0,1.7667779511296844,1.2715440094885984,0.32100422586667554,0.5814979366999521
20240516,70.62,0.7061526022582287,0.29384739774177127,133004200.0,64409161.0,2.7142271939231595,0.9607457301442024,0.673734540186467,0.7385706643299906
20240517,-76.14,0.2386100221201029,0.761389977879897,16472177.0,113106457.0,1.4831788933430625,2.7532773114273277,0.12712108849673473,0.3500989557434711
20240520,71.37,0.713738119322491,0.2862618806775089,120408203.0,30849257.0,2.130168689887487,1.243403569758811,0.7960480296310675,0.6314282090139146
20240521,-77.25,0.22754862005024662,0.7724513799497534,26161802.0,94407740.0,0.6932794592218414,2.21828838032683,0.21698516529157919,0.23811207480891403
20240522,-61.76,0.3823857293167043,0.6176142706832957,41792431.0,87572670.0,1.4826222294682294,1.8739026979679547,0.3230580015548397,0.44171345707856885
20240523,51.5,0.515009326371202,0.484990673628798,80280400.0,45008879.0,1.0576032567722395,1.6593669407560157,0.6407603319355042,0.38925832080689987
20240524,-66.11,0.33892082771799975,0.6610791722820003,47888158.0,79656773.0,1.0202862092105598,2.353892902200302,0.37546108359257335,0.30238057184342615
20240527,83.02,0.8302057297152279,0.16979427028477223,181727437.0,31689888.0,3.2962240030618304,0.7787255079051766,0.8515121113058651,0.8088993481245905
20240528,55.63,0.5562960426094739,0.44370395739052615,101815147.0,44138355.0,1.3759480865639289,1.9395423530752147,0.697586187414674,0.4150058978042737
20240529,-79.85,0.20153286912143964,0.7984671308785604,26640511.0,119430762.0,0.8034420404293368,2.837222961894899,0.1823802206474917,0.22068551759538754
20240530,-80.51,0.19488171963209522,0.8051182803679048,20528136.0,103690204.0,0.7658953523439336,2.6455901142980873,0.16525849564565104,0.22450494361853943
20240531,61.21,0.612061440914525,0.38793855908547503,96646869.0,96858076.0,2.811989649822018,1.068390378903913,0.49945425942473975,0.7246686224043102
20240603,74.64,0.7463750876119477,0.2536249123880524,132310198.0,44139559.0,3.1165861296617727,1.078554382233264,0.7498463032737416,0.7429038719501537
20240604,-71.48,0.285226136531684,0.7147738634683161,54158710.0,112712537.0,0.9737154306422424,2.9861128647405586,0.3245538759592298,0.24589839710413816
20240605,59.83,0.5982843852831052,0.40171561471689476,95502081.0,54423285.0,1.6678298404886498,1.3127195227912911,0.6369974844683721,0.5595712860978383
20240607,68.87,0.6886860907988767,0.31131390920112334,79498394.0,46160161.0,2.555800273078585,0.8761025795532064,0.6326540520858289,0.7447181295119244
20240610,-51.48,0.48524069129977265,0.5147593087002273,58014825.0,58544524.0,1.9068517473740219,2.1266483713556164,0.4977277712832799,0.4727536113162655
20240611,-50.64,0.4935945454440346,0.5064054545559654,51466328.0,69137371.0,1.865093757591125,1.4627573889964909,0.4267392163485798,0.5604498745394894
20240612,76.33,0.7633445182398082,0.2366554817601918,111505068.0,30800232.0,2.5741169038990774,0.889783361553198,0.7835622988040502,0.7431267376755663
20240613,52.56,0.5256219305238248,0.4743780694761752,128848310.0,124900390.0,2.0838676309637494,1.7505447086195653,0.507779192563351,0.5434646684842984
20240614,63.19,0.6319222383356561,0.3680777616643439,130595700.0,43585858.0,2.0202910515513217,1.9096489983756353,0.7497676648408438,0.5140768118304684
20240617,55.49,0.5548972009175379,0.44510279908246203,73595435.0,58221959.0,1.806157621660796,1.468947145970179,0.5583135333414344,0.5514808684936415
20240618,56.74,0.5674190966250671,0.4325809033749329,114611802.0,51260064.0,1.5141254490939398,1.8970480977737059,0.6909658929139918,0.4438723003361424
20240619,68.21,0.682105317762886,0.3178946822371141,116486091.0,43806864.0,2.3165074460079262,1.3172117951138687,0.7267074900453361,0.6375031454804359
20240620,67.37,0.6736640823857801,0.3263359176142199,111761939.0,48671905.0,2.2372247260710676,1.200930617753024,0.6966232075072639,0.6507049572642963
20240621,-60.85,0.39150811133114616,0.6084918886688537,60553917.0,116204567.0,1.5502004039000052,1.9694926539158897,0.34257997483164654,0.44043624783064583
20240624,-55.99,0.44006452010329083,0.5599354798967091,77297581.0,49546417.0,0.984349270853321,2.6514493395791026,0.6093909228562789,0.27073811735030273
20240625,65.11,0.6511461015239167,0.3488538984760833,86373218.0,46824847.0,1.8660891913997852,0.9879773845614068,0.6484570027349872,0.6538352003128463
20240626,-50.02,0.4998438429199191,0.500156157080081,70301218.0,54695030.0,1.2529865757714826,1.6125477474779912,0.5624266257975999,0.43726106004223825
20240627,-63.36,0.3664085160688987,0.6335914839311013,52375048.0,68759278.0,1.0171825100901775,2.368399559948274,0.4323716466627304,0.3004453854750669
20240628,72.22,0.72219158013004,0.2778084198699599,78500551.0,44470466.0,3.0731312134764153,0.7396068308101955,0.638366282682691,0.8060168775773892
20240701,-50.18,0.49820298589230005,0.5017970141077,60118297.0,49001275.0,1.7733963360634586,2.207592087656754,0.5509396334509084,0.44546633833369176
20240702,-76.54,0.23463974521841652,0.7653602547815834,32171510.0,84886746.0,0.8433980852764948,3.494039446265151,0.2748333274331372,0.1944461630036958
20240703,51.57,0.5156564290639088,0.48434357093609115,59141283.0,49736331.0,1.5559461393023424,1.6316686823517002,0.5431904762350872,0.48812238189273044
20240704,76.07,0.7606554220856252,0.23934457791437475,112768473.0,34852623.0,2.7057953554515044,0.8666551135362637,0.763904862215628,0.7574059819556225
20240705,66.13,0.6612994019989202,0.3387005980010798,112805391.0,38992702.0,1.7488052308601416,1.2691290228414154,0.7431278533914125,0.5794709506064278
20240708,60.41,0.6040720091128983,0.39592799088710173,83658460.0,41958582.0,1.7710949870999835,1.4956204519019765,0.6659801780716983,0.5421638401540982
20240709,66.97,0.6697153108142396,0.33028468918576037,102602486.0,40590716.0,1.6585829159002736,1.0041014852345138,0.7165318225092836,0.6228987991191957
20240710,51.38,0.5138330305591869,0.48616696944081317,55912548.0,53627564.0,1.5147354548551482,1.413782614159674,0.5104298962192042,0.5172361648991696
20240711,69.94,0.6993676978038423,0.30063230219615766,96017374.0,53900106.0,2.453394602782065,0.7821330825643104,0.6404681695556782,0.7582672260520064
20240712,-55.22,0.4478402713859703,0.5521597286140297,63719495.0,105254875.0,1.9474416294802062,1.807857739979925,0.37709562106963324,0.5185849217023074
20240715,51.96,0.5195818994194715,0.4804181005805285,94453121.0,60921858.0,1.4578068530463915,1.9225405377442857,0.6079043202959983,0.4312594785429448
20240716,-51.25,0.487495806136777,0.512504193863223,85027220.0,67493624.0,1.4962767335552,2.087514320886404,0.5574793436102412,0.41751226866331276
20240717,60.94,0.6094132280216673,0.3905867719783327,130117443.0,69178135.0,2.163643721800483,1.6594556540779588,0.6528867539650077,0.5659397020783269
20240718,-56.68,0.4332120821938924,0.5667879178061077,126269308.0,137379667.0,1.2522239485303683,1.979367367851946,0.4789296374089829,0.3874945269788018
20240719,-76.37,0.236334592015794,0.763665407984206,24974022.0,98125751.0,0.9050878193292242,2.4496622533694974,0.20287626363047803,0.26979292040110997
20240722,-67.61,0.32394644630897307,0.6760535536910269,41477402.0,71148478.0,1.1478869331332318,2.9573253179582313,0.36827594155091176,0.2796169510670344
20240723,55.95,0.5595178123616233,0.44048218763837665,72394322.0,57456230.0,2.1386776727947567,1.6700835047599882,0.5575203253660408,0.5615152993572059
20240724,52.18,0.52182775161117,0.47817224838883,70675980.0,66180877.0,1.7201213852189374,1.5424244833208083,0.5164226444276738,0.5272328587946662
20240725,-85.39,0.14614824777330981,0.8538517522266902,24576280.0,131088749.0,0.6028918738410791,3.882335658971958,0.15787926265699664,0.13441723288962298
20240726,74.85,0.7485070755220671,0.2514929244779328,160004786.0,35760805.0,3.0325108903498403,1.4291261010401466,0.8173284446090426,0.6796857064350916
20240729,77.13,0.7712509457681476,0.22874905423185243,104737423.0,37423356.0,2.665928693285939,0.6427071764137033,0.7367532995862383,0.805748591950057
20240730,-74.98,0.2502007319393346,0.7497992680606653,42376370.0,103102386.0,0.6988546987699915,2.6431502892172865,0.2912890594142831,0.20911240446438611
20240731,67.7,0.6770279392110641,0.3229720607889359,113572246.0,40619279.0,2.4457086843607736,1.5150185395808902,0.7365660726165073,0.6174898058056209
20240801,64.85,0.6484947810945962,0.35150521890540387,66213505.0,60108022.0,2.7308578874527623,0.8027551815209738,0.5241664391849855,0.7728231230042069
20240802,-94.38,0.05617112036680981,0.9438288796331902,10872320.0,147156442.0,0.2888866967836923,6.3456875056840945,0.06879962775383888,0.04354261297978073
20240805,-99.96,0.0004207852509920821,0.9995792147490079,17654.0,261047890.0,0.01332560834298957,17.20438745607699,6.762286485419923e-05,0.000773947637129965
20240806,96.24,0.9624311109231017,0.03756888907689824,193133159.0,7820161.0,7.341307375795489,0.27591456960858163,0.9610846887227342,0.9637775331234693
20240807,76.85,0.768491664863381,0.23150833513661906,122439302.0,35961054.0,4.1154880869732136,1.2712082058493217,0.7729736541753732,0.7640096755513888
20240808,57.48,0.5747524851364949,0.4252475148635051,86675711.0,69871725.0,2.62545847642364,1.7808976457197572,0.5536705883831914,0.5958343818897984
20240809,70.33,0.703308676823694,0.29669132317630587,87126846.0,34784950.0,2.941129033961788,1.3093879968550768,0.7146711709505125,0.6919461826968757
20240812,87.63,0.8762590912347185,0.12374090876528157,86366691.0,10610671.0,3.1361928183947496,0.5023686143948737,0.8905861040022929,0.861932078467144
20240813,-54.56,0.4543748821077266,0.5456251178922735,59426893.0,48509140.0,1.3243940607495668,2.3732267420465063,0.5505751077584999,0.3581746564569532
20240814,79.86,0.7986125926534964,0.20138740734650362,82807733.0,21560976.0,2.657015843284281,0.6485119551077241,0.793415323360951,0.8038098619460418
20240816,75.87,0.7587489236286056,0.24125107637139448,101514661.0,27053988.0,2.884938823875113,1.0783122150346518,0.7895755441904037,0.7279223030668074
20240819,-53.58,0.4642307379897377,0.5357692620102623,45609872.0,57597366.0,1.6843387652225523,1.7775583300101538,0.44192512932087186,0.48653634665860346
20240820,68.76,0.687574148426497,0.3124258515735029,74070009.0,32069648.0,2.309259117906788,1.1002778077929858,0.6978542336913713,0.6772940631616228
20240821,62.51,0.625081328566593,0.37491867143340707,60893271.0,43699919.0,1.9997820413434406,0.9940331227855594,0.5821915461226491,0.6679711110105369
20240822,-52.55,0.4744500746174217,0.5255499253825783,43948528.0,50317711.0,1.3720720263505348,1.4705218674730256,0.4662170514726911,0.4826830977621523
20240823,59.29,0.5929012950699313,0.40709870493006867,55696507.0,39672993.0,1.5714764534896508,1.0398385627585478,0.5840075390979297,0.601795051041933
20240826,55.69,0.5568813743976818,0.4431186256023182,58947016.0,51120121.0,1.8480212922456059,1.3480991322328988,0.5355550948872232,0.5782076539081404
20240827,55.15,0.5515170252156196,0.4484829747843804,46421608.0,44233491.0,1.481375528024451,1.025327577738584,0.5120683614277449,0.5909656890034943
20240828,-53.54,0.4645766531519335,0.5354233468480666,67004301.0,47561622.0,1.244984824250307,2.3710074917900075,0.5848536741592874,0.3442996321445797
20240829,-62.8,0.3719628578830181,0.6280371421169819,43288127.0,74698470.0,1.2916454983429633,2.134147214577572,0.36689020702919334,0.3770355087368429
20240830,67.04,0.6704220754753031,0.3295779245246969,85765415.0,45209623.0,1.887313291693988,0.8637858403897352,0.6548226006240976,0.6860215503265086
20240902,-50.5,0.4949823329625802,0.5050176670374198,52567427.0,40546772.0,1.5455758921953784,2.0875107049930124,0.564547916048765,0.4254167498763955
20240903,59.72,0.5972015854444088,0.4027984145555912,54602966.0,49514149.0,2.4737977360194323,1.2186293429666102,0.5244379466334618,0.6699652242553558
20240904,-96.22,0.03783753190712683,0.9621624680928731,8676059.0,126521970.0,0.06919941836475618,5.947045697819581,0.06417296956304,0.011502094251213669
20240905,-54.12,0.45883850181894303,0.541161498181057,61159694.0,76099142.0,1.856722484167752,2.076197355790276,0.44557928496494026,0.4720977186729458
20240906,-89.74,0.10260497650601152,0.8973950234939885,9119920.0,94360844.0,0.4759397495128972,3.5891972210898917,0.08813154877750999,0.11707840423451306
20240909,50.85,0.5085228639183484,0.49147713608165156,40963753.0,55028490.0,1.8791539636532522,1.3042044981546057,0.42674024191725574,0.5903054859194411
20240910,-59.31,0.4069274333265428,0.5930725666734572,33116088.0,66348367.0,1.5078187250809758,1.6275201829968524,0.3329439446483671,0.4809109220047186
20240911,-60.27,0.39730493495400654,0.6026950650459936,31625303.0,89675182.0,2.3647456073592603,2.0645195246204464,0.26071868550237043,0.5338911844056426
20240912,92.59,0.9259248351981366,0.07407516480186334,133408209.0,9623361.0,4.202327413778521,0.36973815312163016,0.9327186228886392,0.9191310475076342
20240913,72.48,0.724762119023497,0.27523788097650304,61823676.0,39141399.0,3.359964347439835,0.6533858727100523,0.6123273419051093,0.8371968961418847
20240919,58.07,0.5806795146116897,0.41932048538831035,65666398.0,87341109.0,2.947364346392085,1.0780561417609844,0.42917108635722034,0.7321879428661588
20240920,51.52,0.5152263142367981,0.4847736857632019,80499471.0,83847744.0,1.9657968989398455,1.6702636350504427,0.48981341728242855,0.5406392111911678
20240923,52.12,0.5211641220337575,0.4788358779662424,53115974.0,61585168.0,2.0539235258402444,1.4919288377053936,0.4630814748121688,0.5792467692553462
20240924,82.78,0.8278293133316241,0.17217068666837587,98671565.0,20875378.0,3.624953090312192,0.7409906511390195,0.8253792403541427,0.8302793863091056
20240925,-69.31,0.30694627824691767,0.6930537217530823,47020891.0,105528206.0,1.3808555745247977,3.1367922918208944,0.308234476143769,0.3056580803500664
20240926,95.14,0.9513770450400779,0.04862295495992211,131439667.0,7670418.0,4.6295878251593425,0.20350569460601198,0.9448608057424449,0.9578932843377109
20240927,-62.79,0.3720973715795294,0.6279026284204706,47705397.0,91636791.0,1.7081831792720255,2.5427918250843784,0.3423614749037815,0.4018332682552773
20240930,-85.33,0.146659617868168,0.8533403821318319,17864479.0,112669539.0,0.5496587884360633,2.9633830610999627,0.13685688431041784,0.1564623514259182
20241002,-85.51,0.14485965292897868,0.8551403470710213,17225230.0,100916791.0,0.5612454340207269,3.338505901958663,0.14580104398247937,0.14391826187547796
20241004,56.64,0.5663619188623394,0.43363808113766056,60896494.0,54373992.0,2.0885348372118386,1.3668347491060255,0.5282921597120707,0.6044316780126082
20241007,83.13,0.8312540895636042,0.16874591043639586,99122796.0,24003752.0,3.402220954918202,0.5655684704224389,0.8050481200853613,0.8574600590418471
20241008,-79.23,0.20768172494144113,0.7923182750585589,22324555.0,81504605.0,0.8482320173936442,3.385496436568487,0.21501238187807742,0.20035106800480484
20241010,54.81,0.5481276781800573,0.45187232181994275,66386299.0,86626547.0,2.1735142325028463,1.107784971523344,0.43386095177917283,0.6623944045809417
20241011,52.32,0.5232250209823559,0.4767749790176441,63399575.0,35508442.0,1.3097514181990844,1.9205757042677598,0.6409953098139658,0.405454732150746
20241014,80.69,0.8069297839267211,0.19307021607327898,81852212.0,17413760.0,2.508200217553806,0.6696135390762809,0.8245747293946812,0.7892848384587609
20241015,61.83,0.6183034942943264,0.3816965057056736,85255674.0,31715207.0,1.4385582660678446,1.3946736863405715,0.7288623738757682,0.5077446147128845
20241016,-64.73,0.3527276014555304,0.6472723985444695,45430191.0,78471223.0,1.154057961897587,2.2523411202822894,0.3666640237051693,0.3387911792058915
20241017,67.29,0.6729353911882389,0.3270646088117612,104446067.0,29338466.0,2.065858878375682,1.589446941625628,0.7807036034576583,0.5651671789188194
20241018,-63.12,0.36883775095991106,0.631162249040089,30250485.0,68410988.0,1.2767514006956882,1.6850910935449424,0.3066088928147262,0.4310666091050959
20241021,55.53,0.5553223266395022,0.44467767336049774,54652628.0,44247940.0,1.5222566068397776,1.2055921423852412,0.5526017605884731,0.5580428926905314
20241022,-69.64,0.3036053839833881,0.6963946160166119,32448582.0,73716315.0,1.1787628039716853,2.7300226400853487,0.30564322970143326,0.301567538265343
20241023,57.56,0.575572221671575,0.424427778328425,76095627.0,43939581.0,1.7543858993942305,1.63769677916012,0.6339442257641608,0.5172002175789892
20241024,-55.69,0.44305109791381514,0.5569489020861849,46098874.0,70267363.0,1.5545660482287802,1.6183489299644322,0.39615334471974034,0.48994885110789
20241025,-62.15,0.37854369474421196,0.621456305255788,49914433.0,74478337.0,1.21718529852897,2.2035787076430253,0.40126474392362194,0.355822645564802
20241028,71.21,0.712073097178409,0.2879269028215909,76144667.0,37306552.0,3.3735961509149908,1.1067325330131994,0.6711665830580454,0.7529796112987727
20241029,58.16,0.5816026032098195,0.4183973967901805,87513389.0,34148143.0,1.2634828519456014,1.5829254629695706,0.7193184859779671,0.44388672044167193
20241030,-61.48,0.3852190648665015,0.6147809351334985,44747907.0,75445480.0,1.3949773006871191,2.108768119202205,0.3722992430523653,0.39813888668063774
20241031,-60.0,0.40000625424670333,0.5999937457532967,57816125.0,84604781.0,1.980288970372936,3.04505997091011,0.4059525151454942,0.39405999334791253
20241101,-74.13,0.2587147004040865,0.7412852995959135,29099867.0,72200490.0,0.8941901474731662,2.990786152451648,0.28726322257679704,0.23016617823137592
20241104,80.45,0.8044739056220132,0.19552609437798676,75982095.0,19769900.0,3.37427821862229,0.7638198149825917,0.7935301504684054,0.8154176607756211
20241105,-55.26,0.4473744839274846,0.5526255160725154,35444403.0,52327825.0,1.460143723536127,1.5141180090285502,0.403822528009657,0.4909264398453122
20241106,50.56,0.5056097687161427,0.49439023128385723,68699724.0,60974317.0,2.310826454051211,2.4890781661092447,0.5297877930710897,0.48143174436119573
20241107,60.44,0.6044189408149339,0.39558105918506614,121957840.0,46216793.0,2.2168007867018957,2.3666600130195907,0.7251857062176553,0.48365217541221245
20241108,-53.68,0.4631762151272465,0.5368237848727535,74364307.0,65828302.0,1.5685391117801677,2.393332852293569,0.530443848148942,0.395908582105551
20241111,-62.1,0.3790327258041048,0.6209672741958951,82841229.0,91301744.0,1.5422428983404666,3.919782735402375,0.47570813552149477,0.2823573160867148
20241112,-82.75,0.1725108698266969,0.8274891301733032,38745887.0,134449925.0,0.5976173586201787,4.328736226438844,0.2237114544086089,0.1213102852447849
20241113,-91.49,0.08507993498245996,0.91492006501754,15851501.0,151967561.0,0.37126974064011775,4.532961230372958,0.09445590275078525,0.07570396721413467
20241114,54.42,0.5442230366733902,0.4557769633266098,109253719.0,101343235.0,3.018346558717014,2.2801125155576454,0.5187810978500668,0.5696649754967137
20241115,-57.33,0.4267119192424451,0.5732880807575549,91448417.0,81448353.0,1.5787394814544986,3.2863353866462037,0.5289191752974911,0.3245046631873991
20241118,71.65,0.7165200545653271,0.2834799454346729,106650249.0,51303324.0,4.2171269049872455,1.3475386903546447,0.6751999779074324,0.7578401312232218
20241119,56.02,0.5602092517011616,0.43979074829883846,68382702.0,67023052.0,1.9397710315269994,1.212289092111719,0.5050206507472349,0.6153978526550883
20241120,63.05,0.6304639082908304,0.36953609170916957,54162523.0,43724265.0,2.198999294637694,0.9086446107921737,0.5533180126412974,0.7076098039403634
20241121,-59.79,0.4020569624022018,0.5979430375977981,53518201.0,61397087.0,0.9708166071205757,1.8980674593106315,0.4657187214289538,0.33839520337544976
20241122,70.23,0.7022710361799152,0.29772896382008485,76015261.0,33798718.0,2.221056888827058,0.8969877488848284,0.6922184378730143,0.7123236344868159
20241125,67.27,0.6727327068309585,0.32726729316904146,129075972.0,73347843.0,2.888612852608719,1.1924249331517656,0.6376521062998443,0.7078133073620728
20241126,-55.1,0.4490454060584118,0.5509545939415883,63680288.0,62168605.0,1.5242507073354448,2.363302305427979,0.50600594476425,0.3920848673525736
20241127,-50.77,0.49230568489130605,0.507694315108694,54692685.0,63378390.0,1.9452391737184898,1.7856106610910931,0.4632183199822649,0.5213930498003472
20241128,61.64,0.6163936320971952,0.3836063679028048,44656363.0,49025330.0,2.428587826323792,0.7833820788988118,0.4766818528781285,0.756105411316262
20241129,-85.59,0.1441474693717634,0.8558525306282366,22111802.0,109399600.0,0.5865288813482643,4.294746880415473,0.16813600694485792,0.12015893179866886
20241202,-65.78,0.3421935651989174,0.6578064348010826,33933362.0,81922888.0,1.5937385042872023,2.4771633856313864,0.2928919415223607,0.3914951888754741
20241203,94.06,0.940595358400061,0.05940464159993895,112077155.0,8831325.0,5.923991535105319,0.2841326863415804,0.9269585971141148,0.9542321196860073
20241204,-84.48,0.15516576342079372,0.8448342365792063,40689403.0,187766686.0,0.7192174176040143,4.720106605133407,0.1781060123111886,0.13222551453039882
20241205,-79.07,0.20929648149695187,0.7907035185030481,39965503.0,107411961.0,0.7810379335459414,4.517183449525712,0.27117784439553116,0.14741511859837259
20241206,-60.73,0.3927338222812189,0.6072661777187812,80107776.0,77619654.0,0.843648681209155,2.1956479902529376,0.5078874105791238,0.277580233983314
20241209,-96.25,0.037453358840760204,0.9625466411592398,9647286.0,139596964.0,0.07974638374638277,7.688417937647031,0.06464092251460274,0.010265795166917667
20241210,87.82,0.878234865770624,0.121765134229376,105240897.0,27268780.0,7.835492840710546,0.3073363043819016,0.7942129162385627,0.9622568153026854
20241211,91.91,0.9190543451284832,0.08094565487151686,84071729.0,6471587.0,4.288934286489104,0.4263372720677241,0.9285249614670618,0.9095837287899045
20241212,75.33,0.7532527106132082,0.2467472893867918,120490783.0,42083466.0,2.6433259405271854,0.8103663430897058,0.7411431007133239,0.7653623205130925
20241213,71.38,0.7137951102407618,0.28620488975923813,81775834.0,31046900.0,2.58810177354377,1.0945964941578072,0.7248169859099497,0.702773234571574
20241216,-53.64,0.46357802831123324,0.5364219716887668,49903487.0,62028215.0,1.5358307521657681,1.655059420526963,0.44583872225940063,0.48131733436306584
20241217,-67.97,0.32034105604188406,0.679658943958116,31907032.0,94342717.0,1.5221532406242986,2.401401004842836,0.2527294687928449,0.3879526432909232
20241218,78.28,0.7828381726565312,0.2171618273434688,76368514.0,17615789.0,2.497628897386905,0.8187923963025503,0.8125666899929024,0.75310965532016
20241219,-85.08,0.1491958973770121,0.8508041026229879,12261701.0,88098450.0,0.7306128588409804,3.41553622913748,0.12217698835467077,0.17621480639935347
20241220,-80.65,0.19347211294001926,0.8065278870599808,30327910.0,93319796.0,0.49962504016740295,3.027120312995418,0.2452767704400436,0.1416674554399949
20241223,89.78,0.8977756744046985,0.10222432559530142,90570557.0,10601384.0,4.247883401621632,0.4702195336208439,0.8952141878942502,0.9003371609151469
20241224,50.75,0.5074659202035807,0.49253407979641917,48190085.0,31920466.0,1.00032273054371,1.4194984571374198,0.6015447952667309,0.4133870451404307
20241226,-63.23,0.3676773460481003,0.6323226539518998,39505011.0,56480566.0,0.8987640057413862,1.877063865330867,0.4115723657107359,0.3237823263854648
20241227,-86.71,0.13293615366565875,0.8670638463343412,18363034.0,70031814.0,0.2749804833822693,4.455169023862984,0.2077387360856144,0.05813357124570309
20241230,-58.05,0.41945372246065993,0.5805462775393402,24690575.0,47958704.0,1.522498840869963,1.5283102155862656,0.3398598766547979,0.4990475682665219
20250102,61.24,0.6124074576583152,0.38759254234168483,64082133.0,25674473.0,2.27346017485692,2.1767969182188045,0.713954502691423,0.5108604126252073
20250103,80.13,0.8013261008041372,0.1986738991958627,83389842.0,29220533.0,4.071615760890686,0.6510929789910305,0.740516511023074,0.8621356905852006
20250106,82.85,0.8284930668852803,0.1715069331147196,83995735.0,17912205.0,2.85984205325759,0.5743532818637366,0.8242315073781297,0.832754626392431
20250107,65.4,0.6540046027429474,0.34599539725705264,85458026.0,50667806.0,1.941236692599045,0.9125905441975488,0.6277869875572184,0.6802222179286764
20250108,69.45,0.6945271322299909,0.30547286777000915,103496068.0,33482013.0,1.8611097995613655,1.0767688878888326,0.755566636971648,0.6334876274883335
20250109,51.03,0.5102518701507632,0.48974812984923677,64198258.0,79593348.0,1.7911285792183476,1.3291066968672167,0.4464673549859371,0.5740363853155894
20250110,56.56,0.5655937973827226,0.43440620261727736,86085609.0,53140444.0,1.734274542137672,1.6472198558053497,0.6183153737756252,0.5128722209898201
20250113,-61.57,0.3843272682514051,0.6156727317485948,48765767.0,64997853.0,1.0349978457141562,2.0091508640526854,0.428658713567659,0.33999582293515124
20250114,61.96,0.6195539131573412,0.3804460868426588,69652730.0,40017996.0,1.7422418186768138,1.1422642249349808,0.6351077679562366,0.6040000583584458
20250115,62.49,0.6248530833194257,0.3751469166805744,110912643.0,44657409.0,1.521890703557121,1.3134228088832043,0.7129434076424941,0.5367627589963572
20250116,80.99,0.8098799282179204,0.19012007178207957,116619388.0,32903572.0,2.6039986702779956,0.49667583033199014,0.7799430134341909,0.8398168430016499
20250117,56.09,0.5608646399469157,0.4391353600530843,76470928.0,59621134.0,1.7520555191710485,1.3776019348577373,0.5619058663392138,0.5598234135546175
20250120,-52.85,0.471521891607815,0.528478108392185,46241593.0,62714610.0,1.6237209971248265,1.5070167619663808,0.4244053273405645,0.5186384558750654
20250121,64.43,0.644316520082116,0.35568347991788396,93558982.0,28997595.0,1.814370317871855,1.6400017391606,0.7633942158812089,0.5252388242830232
20250122,71.67,0.7167215904139059,0.28327840958609407,115632521.0,43160520.0,2.4855006267543334,1.0387985245979618,0.728196401251614,0.7052467795761979
20250123,-86.75,0.13249549357540552,0.8675045064245945,19457858.0,106963100.0,0.394362299616263,3.155964157630836,0.15391323011489916,0.11107775703591187
20250124,81.85,0.8184935857882725,0.1815064142117276,96573774.0,20342241.0,2.702145695098531,0.6298161882370802,0.8260097985720776,0.8109773730044673
20250131,-53.13,0.46872303261681286,0.5312769673831871,74126738.0,107937910.0,2.4886543079423276,2.2042553696297595,0.40714514769501,0.5303009175386157
20250203,-86.05,0.13950647185412807,0.8604935281458719,30032455.0,131749032.0,0.5872036845339907,5.701320561445431,0.18563591889843367,0.09337702480982248
20250204,81.14,0.8114104879052069,0.18858951209479324,123939083.0,29001182.0,3.22523035786023,0.7445515825513086,0.8103757568355201,0.8124452189748935
20250205,72.14,0.7213629737750076,0.27863702622499237,91345845.0,37771913.0,2.997100666587147,1.0791208174847329,0.7074615174157531,0.7352644301342621
20250206,76.74,0.7674103364294456,0.23258966357055444,120937965.0,48367664.0,3.510682182446894,0.7680117704153805,0.7143174489490837,0.8205032239098075
20250207,-72.54,0.2746210818157508,0.7253789181842492,33577031.0,113455820.0,1.3060744244062508,2.76423996334317,0.2283641429220467,0.32087802070945487
20250210,-54.37,0.45628598198467063,0.5437140180153294,65975895.0,79119045.0,1.7120100395668814,2.0271174086125754,0.4547084481374747,0.4578635158318665
20250211,74.81,0.7481306679275608,0.2518693320724392,110756542.0,27321885.0,2.141032166340195,0.9434350024090379,0.8021277791642282,0.6941335566908934
20250212,75.18,0.751795056620293,0.248204943379707,174139990.0,35774451.0,2.832211923175452,1.3697951587748567,0.8295760366481885,0.6740140765923975
20250213,78.34,0.7834276767484365,0.21657232325156353,160922714.0,51509406.0,3.661081830718505,0.8625139474639372,0.7575253403298898,0.809330013166983
20250214,59.99,0.5998604796632384,0.4001395203367616,142519698.0,80531451.0,2.0776062993794633,1.6273388982685337,0.6389552290537629,0.5607657302727139
20250217,81.3,0.8129751306859966,0.18702486931400344,106746104.0,20898740.0,3.026424138018718,0.8060645398114126,0.8362743112444088,0.7896759501275844
20250218,79.02,0.7902044720540093,0.2097955279459907,146398740.0,30077949.0,2.9104282518416302,0.9657767846351066,0.829564181136694,0.7508447629713246
20250219,77.44,0.7743929754558951,0.22560702454410486,196735930.0,54664616.0,3.157096587730106,0.9632222971559283,0.7825596767001453,0.7662262742116451
20250220,-58.71,0.41288972210705377,0.5871102778929462,77180675.0,142521845.0,1.8487684079244842,2.0476150561554487,0.35129626642425404,0.47448317778985355
20250221,54.98,0.5497900188355037,0.4502099811644963,87610886.0,73653727.0,1.6777281047657597,1.3381089792956873,0.5432740907641034,0.556305946906904
20250224,50.02,0.5002207780273118,0.4997792219726882,101188322.0,79847147.0,1.4210144240124614,1.7975943233970697,0.5589419717525078,0.4414995843021157
20250225,-50.69,0.493078328313,0.506921671687,116961042.0,65236136.0,1.3054851274682666,2.487224913593563,0.6419476046989049,0.34420905192709517
20250226,63.24,0.6323635528322796,0.36763644716772037,82189899.0,82813722.0,2.520021490402752,0.7671741420992942,0.49810966875690565,0.7666174369076536
20250227,-58.14,0.41862364705420885,0.5813763529457912,69747186.0,79216982.0,1.1777452543870506,2.0136928185368164,0.4682145171985252,0.3690327769098925
20250228,-96.27,0.03725799342369034,0.9627420065763097,13586620.0,227626270.0,0.12462626448241343,6.726838121734207,0.056326260176228556,0.018189726671152134
20250304,51.02,0.5102421774697942,0.48975782253020583,95946756.0,61867746.0,2.0924360502000816,2.9799809623311786,0.6079717312671303,0.41251262367245806
20250305,80.96,0.8096349384587817,0.19036506154121835,143182404.0,49839451.0,4.465617181412477,0.6235436525495901,0.741793741439279,0.8774761354782843
20250306,67.9,0.6790034708441611,0.3209965291558388,98725348.0,58546985.0,3.2146626603935347,1.1873449728176384,0.6277350002813273,0.7302719414069949
20250307,50.52,0.5052330643289072,0.49476693567109276,88768636.0,74779094.0,1.782174648491464,2.0283567741999105,0.5427689886004532,0.4676971400573613
20250310,64.73,0.6473058393237021,0.3526941606762979,90901442.0,47540094.0,2.3407040140000968,1.3280741972772647,0.6566052691007416,0.6380064095466627
20250311,-87.06,0.12940973921096105,0.870590260789039,21374738.0,144711401.0,0.5042039516983956,3.370628400450615,0.12869669996964647,0.1301227784522756
20250312,70.89,0.7089172162888109,0.29108278371118906,142245683.0,50851243.0,2.665458567984804,1.247542536983186,0.7366543111100587,0.6811801214675631
20250313,51.59,0.5158740538617814,0.4841259461382186,88348552.0,100562559.0,2.065010366023452,1.595865470244244,0.46767260820354817,0.5640754995200147
20250314,51.37,0.5137422328504767,0.48625776714952323,64019755.0,44042436.0,1.307569591276919,1.6979913202317911,0.592434360321271,0.4350501053796825
20250317,81.69,0.816891547384876,0.18310845261512398,136261427.0,32950881.0,3.008463208689705,0.6226919497432924,0.8052690056092138,0.8285140891605383
20250318,65.75,0.657489398648657,0.34251060135134304,128822920.0,34932403.0,1.5332598376044941,1.368995028436983,0.7866792824804846,0.5282995148168294
20250319,68.07,0.6807280854516506,0.31927191454834936,111114732.0,48619342.0,2.087372889968422,1.0476070006082505,0.6956232268889605,0.6658329440143408
20250320,-59.3,0.40697168770108666,0.5930283122989134,72220567.0,86435371.0,1.1847431134347988,2.1177599801091436,0.4552024204729104,0.35874095492926295
20250321,50.72,0.5072214084807933,0.49277859151920667,118413323.0,70327490.0,1.2994166011809396,2.057755203983333,0.6273858903002606,0.3870569266613261
20250324,-57.65,0.42349453442367546,0.5765054655763245,32072389.0,43357961.0,1.235263343315067,1.693309969545739,0.4251921010574656,0.4217969677898853
20250325,-70.5,0.295048984896966,0.7049510151030339,31550767.0,70952649.0,0.852008068109201,2.166130587289171,0.3078021029074777,0.2822958668864543
20250326,62.62,0.6261867585176351,0.3738132414823649,57234681.0,30230917.0,1.7467936317746593,1.174238589183565,0.6543679150287179,0.5980056020065522
20250327,-79.62,0.20379964425010436,0.7962003557498957,26693889.0,65193759.0,0.4649782969315126,3.506020064184468,0.2905057380508858,0.1170935504493229
20250328,-87.56,0.12444873478619109,0.8755512652138089,12410488.0,68254893.0,0.3532889471496943,3.3637425356607524,0.15385147688076994,0.09504599269161222
20250331,-91.18,0.08816357508834143,0.9118364249116586,13593604.0,91815885.0,0.2600658363081969,5.230356165917078,0.12895996488513478,0.04736718529154806
20250401,79.55,0.7955315618093228,0.20446843819067706,73579161.0,13761451.0,2.775777791133873,0.932062615118522,0.8424392652526868,0.748623858365959
20250402,-72.17,0.2783479961662311,0.7216520038337689,23320212.0,51401164.0,0.8489263313297417,2.6217398105220053,0.31209559095913864,0.2446004013733236
20250403,-67.3,0.32696095544784864,0.6730390445521515,35442139.0,68530619.0,1.136083778546906,2.493080342498088,0.3408790887320696,0.3130428221636276
20250404,-56.26,0.43739020575004217,0.5626097942499579,36261370.0,96137931.0,2.572659373790402,1.7086731998555795,0.2738788628498877,0.6009015486501966
20250407,-98.57,0.014312235849240098,0.9856877641507599,3758996.0,136790261.0,0.020454545454545503,10.862933318400435,0.026745043554374678,0.0018794281441055197
20250408,54.06,0.5405852073444657,0.4594147926555343,67434125.0,46128244.0,1.7494148759773418,1.840133859748676,0.593806959064054,0.48736345562487743
20250409,-87.49,0.12507339525627212,0.8749266047437279,19687003.0,95399037.0,0.4094549682651005,4.768050477745955,0.17106334530234943,0.07908344521019481
20250410,100.0,0.9999690894641324,3.0910535867454285e-05,134708248.0,991.0,12.264253876930619,0.0006680026720107257,0.9999926434147549,0.9999455355135101
20250411,60.26,0.6025907363562539,0.3974092636437461,56904866.0,44914708.0,2.5944964557383896,1.4198750064846446,0.5588794351074382,0.6463020376050697
20250414,74.9,0.7489694450042296,0.2510305549957704,55233958.0,23911529.0,2.113240323869962,0.5281117035367969,0.6978788064062326,0.8000600836022266
20250415,83.61,0.8360619034514125,0.1639380965485875,59186249.0,13424484.0,2.713114275765472,0.4526885183514223,0.8151170846877417,0.8570067222150833
20250416,-68.32,0.31680811473502585,0.6831918852649741,23331867.0,55712489.0,1.176537116911841,2.2997972687418935,0.2951743575467931,0.3384418719232586
20250417,86.43,0.864331146921616,0.13566885307838408,65798522.0,10510160.0,2.384472131144065,0.36770628607713374,0.8622678347399579,0.866394459103274
20250418,77.03,0.7703096528580193,0.22969034714198075,52740199.0,16730606.0,1.9400898863264628,0.5425940016456409,0.7591706904792596,0.781448615236779
20250421,59.56,0.595594217357011,0.40440578264298893,39307349.0,26920501.0,1.371190008636788,0.9230300701509194,0.5935169116919846,0.5976715230220375
20250422,53.31,0.5331339061747629,0.4668660938252371,41365152.0,32338271.0,1.2260740568681068,1.2016514096197617,0.5612378681516597,0.5050299441978662
20250423,86.82,0.868180388811483,0.13181961118851704,73775499.0,12697621.0,3.5905092444721225,0.4748331531295352,0.8531610632298222,0.8831997143931438
20250424,59.92,0.5991799221008952,0.4008200778991048,48145262.0,29914154.0,1.5632575343022044,1.12467915381204,0.6167771226984327,0.5815827215033578
20250425,66.64,0.6663744627303536,0.3336255372696464,82918787.0,33007732.0,2.3337999183365477,1.4457634996113153,0.7152702221654736,0.6174787032952337
20250428,62.38,0.6237849925446326,0.3762150074553674,79584710.0,35753951.0,1.6315075529865535,1.294643113285885,0.6900089641234868,0.5575610209657783
20250429,67.14,0.6713929031204539,0.3286070968795461,55776074.0,52281564.0,2.8279002958305397,0.5931558984403325,0.5161696575303636,0.8266161487105441
20250430,50.22,0.5021617515821356,0.4978382484178644,54867732.0,51056287.0,1.50909710161307,1.5939206184843484,0.5179914104278842,0.48633209273638706
20250502,51.25,0.5124752884115015,0.48752471158849864,46072583.0,57927763.0,1.5892252281381378,1.1416536045805747,0.4430041319285611,0.5819464448944418
20250507,66.51,0.6651332367201159,0.33486676327988396,83194141.0,32061201.0,2.197136271039302,1.413950280784524,0.7218245988112204,0.6084418746290116
20250508,64.49,0.6448586104654932,0.3551413895345068,56878185.0,47646217.0,2.4452968797750243,0.8345355198614798,0.5441617833891076,0.7455554375418788
20250509,59.03,0.5902881516613236,0.40971184833867635,62495008.0,31086400.0,2.1641653064208146,2.0564390704839197,0.6678143590231085,0.5127619442995387
20250512,69.59,0.6958716364744388,0.30412836352556105,81949808.0,36125372.0,3.6978706606641847,1.6022499709753422,0.6940477075707189,0.6976955653781589
20250513,55.76,0.5576133338415986,0.4423866661584014,57090014.0,53420428.0,2.134809549852122,1.43138617895093,0.5166028926026737,0.5986237750805236
20250514,82.22,0.8221895362355999,0.1778104637644001,96097966.0,18809207.0,3.1391117949545446,0.7455932988678508,0.8363095487520175,0.8080695237191823
20250515,-63.21,0.367931909980048,0.6320680900199521,36373246.0,56756646.0,1.182332793716219,2.2417498051212528,0.3905646749810469,0.345299144979049
20250516,62.5,0.625046899905723,0.3749531000942769,69187454.0,33914783.0,2.1169276140677518,1.5390175156548014,0.6710567686324789,0.5790370311789673
20250519,-69.1,0.309013337769636,0.690986662230364,34289726.0,57861182.0,0.8755388959047268,2.684682092189261,0.37210404915380757,0.24592262638546442
20250520,52.12,0.5212456146792186,0.4787543853207814,58592844.0,40430201.0,1.5944682399746142,1.9426473465181142,0.59170917234468,0.4507820570137572
20250521,71.67,0.7166746538192056,0.28332534618079447,70858637.0,27141147.0,2.294730436865322,0.9359173910782685,0.7230489099853527,0.7103003976530585
20250522,-79.01,0.2099473464798744,0.7900526535201255,16817399.0,88564543.0,0.8848948328923376,2.514500424342697,0.1595852067330473,0.2603094862267015
20250523,57.19,0.5719343097298454,0.4280656902701546,61615959.0,51607131.0,2.4773246417250303,1.6538285683144005,0.5441995886174807,0.59966903084221
20250526,93.7,0.9370219638693981,0.06297803613060197,107423788.0,9566062.0,4.446701254472575,0.20557362933027912,0.9182316927494137,0.9558122349893824
20250527,57.68,0.5767503753638468,0.4232496246361533,77207864.0,48610125.0,1.7364985033564366,1.4801121657415215,0.6136472583423663,0.5398534923853272
20250528,60.49,0.6049196464849318,0.3950803535150682,77875060.0,78391162.0,3.537484588517771,1.4344494753173267,0.4983486450449925,0.711490647924871
20250529,92.91,0.9290994224968806,0.0709005775031194,137663773.0,14054964.0,5.147328162881184,0.26614170085126776,0.9073617123506638,0.9508371326430974
20250530,-53.97,0.46034866166611865,0.5396513383338812,102146458.0,90661116.0,1.3405303707686296,2.0887003443734122,0.5297844679068469,0.3909128554253905
20250602,-54.83,0.4516817396234005,0.5483182603765995,56980077.0,54029819.0,1.4686308546855051,2.2963631872492085,0.513288265759658,0.3900752134871431
20250604,91.75,0.9174882405126166,0.08251175948738351,149584762.0,18046780.0,6.068861988915382,0.36933417216902353,0.8923425759574531,0.9426339050677799
20250605,73.88,0.7387542482774621,0.2612457517225379,119865070.0,50176410.0,2.9520763682083246,0.8689274016675284,0.7049166473968587,0.7725918491580654
20250609,77.79,0.7778609179754217,0.22213908202457838,147478992.0,38890725.0,3.755121733894134,1.1574065715975683,0.7913248695870477,0.7643969663637955
20250610,66.54,0.6654433374777142,0.3345566625222858,115213958.0,69529081.0,3.1402681329405304,1.2998907135302842,0.6236443799108448,0.7072422950445837
20250611,82.64,0.8264298330049683,0.17357016699503175,141308590.0,23775978.0,2.856140925723896,0.7280013535697686,0.8559769802347607,0.796882685775176
20250612,69.37,0.6936777979149902,0.30632220208500976,145183041.0,77151247.0,2.947878718870495,1.0663293622960555,0.6529943820451122,0.7343612137848682
20250613,-61.71,0.3829400913943332,0.6170599086056667,97649860.0,91683646.0,1.3785359304994769,4.1328664127737635,0.5157558324621105,0.2501243503265559
20250616,82.74,0.8274220617086546,0.17257793829134538,131974227.0,35739285.0,4.517835429808233,0.6873957843498086,0.7869027690505939,0.8679413543667154
20250617,-52.91,0.47091475852742115,0.5290852414725788,102258697.0,104412045.0,1.6653321452078553,2.0599170416688217,0.49479038982692575,0.4470391272279165
20250618,65.16,0.6516375495328302,0.34836245046716996,106173494.0,50708921.0,2.530183219500591,1.5083918989698866,0.6767711601073964,0.6265039389582638
20250619,60.38,0.6038157835399705,0.39618421646002966,72909400.0,67448135.0,2.3016152790442064,1.0428966280833207,0.5194548336859863,0.6881767333939545
20250620,70.03,0.7003068753770642,0.29969312462293585,128898196.0,76320055.0,3.4392827725365693,1.012801165138297,0.6281029848558645,0.7725107658982638
20250623,56.13,0.5613196493128656,0.43868035068713446,137375502.0,71218155.0,2.186657837535634,2.5253593339445075,0.6585794792408285,0.4640598193849026
20250624,91.79,0.9178754713581039,0.08212452864189615,218057477.0,16936960.0,6.113882139349949,0.6207675538621458,0.9279261236298968,0.9078248190863109
20250625,55.98,0.5597825394568303,0.4402174605431697,139423388.0,88869015.0,2.1162507496458156,2.042701962474335,0.610722854408782,0.5088422245048786
20250626,-66.79,0.3321256409349141,0.667874359065086,65667168.0,131281190.0,1.2078849026150829,2.443211451924842,0.33342328246270525,0.33082799940712293
20250627,-65.71,0.3429191784621849,0.6570808215378152,64229344.0,86190847.0,1.0085093561840388,2.887773092967929,0.4269994843976764,0.25883887252669335
20250630,60.85,0.608497388107571,0.391502611892429,77879358.0,64571260.0,2.6412412778829064,1.2992424811126815,0.5467112680409713,0.6702835081741708
20250701,74.19,0.7418711928568831,0.25812880714311687,111723626.0,49784080.0,3.6932437702568253,0.9700120801555743,0.6917541507276439,0.7919882349861224
20250702,-54.37,0.45625241946026074,0.5437475805397392,64339022.0,85557364.0,2.104128906413285,2.2497078382824087,0.42922330362254363,0.4832815352979779
20250703,73.51,0.735112565966784,0.264887434033216,124906617.0,41637755.0,3.1385190492575283,1.219112230039609,0.7499900206774924,0.7202351112560755
20250704,-80.28,0.197200659862434,0.802799340137566,48167432.0,114715778.0,0.5294885378183711,4.836022016726654,0.2957176003591776,0.09868371936569041
20250707,59.78,0.5977928708100285,0.4022071291899715,67617928.0,47636463.0,2.1543722942649612,1.3837567464343254,0.5866841810825237,0.6089015605375333
20250708,80.57,0.8057143793808916,0.19428562061910842,119378276.0,38689853.0,4.191280486128917,0.7039560455028401,0.7552330552353157,0.8561957035264675
20250709,72.67,0.7266865833076568,0.2733134166923432,91211413.0,58229307.0,3.7050069653177427,0.6899077169832375,0.6103518037118665,0.8430213629034471
20250710,80.3,0.8029693395977591,0.1970306604022409,119014180.0,36289389.0,3.066168376774167,0.585744429529757,0.7663325496402469,0.8396061295552714
20250711,-51.58,0.48419998485256344,0.5158000151474366,77523401.0,70777079.0,1.6180840023715504,2.0127195171368366,0.5227454489695516,0.4456545207355754
20250714,63.4,0.6340171952231203,0.3659828047768798,70737441.0,57860639.0,2.9699855845901846,1.1666671295955757,0.5500660740813549,0.7179683163648857
20250715,58.66,0.5865905451718694,0.41340945482813063,81519692.0,53838041.0,1.7225729803626624,1.2945758392101836,0.6022536739736917,0.5709274163700472
20250716,-79.96,0.2004160004659893,0.7995839995340107,34605052.0,85333785.0,0.42632069870090206,3.369624082479965,0.2885224908425617,0.1123095100894169
20250717,66.71,0.6670638307213349,0.33293616927866515,109351730.0,47637608.0,1.9317173402465162,1.098082830422888,0.6965551380310936,0.6375725234115762
20250718,55.39,0.5538611410928593,0.44613885890714067,73000794.0,54289726.0,1.7714833210054628,1.544505293134092,0.5734974921934485,0.5342247899922702
20250721,66.78,0.667823128915743,0.3321768710842569,90802101.0,32916035.0,2.005013487753293,1.3272180880433373,0.7339433322855753,0.6017029255459109
20250722,-71.98,0.2802223569184143,0.7197776430815858,36169522.0,88069164.0,0.8073814836597806,2.1905215315577724,0.2911293025104918,0.2693154113263368
20250723,62.1,0.6210233549217128,0.3789766450782873,76923533.0,42479128.0,1.937134178136069,1.3032481696314966,0.6442363374129493,0.5978103724304762
20250724,-53.46,0.4653961004967607,0.5346038995032393,62971170.0,59465794.0,1.3831046987048017,1.9378568641101177,0.5143150233617357,0.41647717763178566
20250725,57.81,0.578117608700472,0.421882391299528,76059873.0,45508002.0,1.6507061256231348,1.4604434565203288,0.6256576665504764,0.5305775508504676
20250728,-58.33,0.41669594611649574,0.5833040538835041,81655480.0,76146910.0,1.4724313382987035,3.1880776923468157,0.5174540132123474,0.31593787902064413
20250729,69.1,0.6909738760681521,0.3090261239318479,92802812.0,40987070.0,2.0844778568578755,0.9439580707840413,0.6936459664416178,0.6883017856946865
20250730,61.27,0.6126843811456262,0.3873156188543738,92272678.0,49929054.0,1.8948420608266299,1.3920580412035206,0.6488857533746495,0.5764830089166028
20250731,-55.74,0.4425649492554053,0.5574350507445947,81125270.0,88656744.0,1.5035968105698503,2.1879349356464273,0.47782016533270716,0.40730973317810343
20250801,-94.4,0.05600042105666276,0.9439995789433373,15326117.0,133649842.0,0.07226133198935392,7.847311688236921,0.10287644464836102,0.009124397464964506
20250804,78.67,0.7866856610251911,0.21331433897480892,73255972.0,24831341.0,2.6952892816608593,0.5656930222070584,0.7468445180061156,0.8265268040442666
20250805,89.68,0.8968324223266371,0.1031675776733629,105047678.0,11402617.0,3.7277827089516054,0.45329973597541573,0.9020816821460178,0.8915831625072563
20250806,69.85,0.6985334172139986,0.30146658278600136,73500289.0,45986028.0,2.745733144948077,0.7657434069876206,0.615135614231042,0.7819312201969553
20250807,70.05,0.7004816550162357,0.2995183449837643,84998310.0,32826701.0,1.9059702619466918,0.8987054636339604,0.7213944584312408,0.6795688516012306
20250808,-57.42,0.4258499646667592,0.5741500353332408,60922784.0,54194252.0,1.0582050917955008,2.223303509705558,0.5292247448066679,0.3224751845268505
20250811,-64.33,0.35670740826011516,0.6432925917398848,43499315.0,63634344.0,1.1272311556436245,2.539916543595816,0.40602846393961023,0.30738635258062014
20250812,-68.44,0.3156394074740134,0.6843605925259866,40686846.0,61613522.0,0.705772050372591,2.316038047891283,0.39771944906395645,0.23355936588407045
20250813,73.37,0.7337351217722602,0.2662648782277398,104647965.0,24047421.0,1.872102294499524,0.989015047902985,0.8131446530647183,0.6543255904798021
20250814,-56.12,0.43883058141257625,0.5611694185874238,46037529.0,88646646.0,1.7736315358356,1.5363535080517658,0.3418183984866819,0.5358427643384706
20250818,-64.96,0.3503698172717949,0.6496301827282052,50537682.0,57173056.0,0.8515639144972624,2.8262393027091113,0.4691981778084187,0.23154145673517104
20250819,-70.52,0.2948404678534563,0.7051595321465436,29427930.0,64676340.0,0.8640144257795059,2.255568408175308,0.3127162029948269,0.2769647327120857
20250820,-66.41,0.33587845090346935,0.6641215490965307,61980206.0,83358931.0,0.7278083037463514,2.2391488261437242,0.4264522776132901,0.24530462419364868
20250821,76.1,0.760974206737592,0.23902579326240808,104102465.0,29137724.0,2.328600380903498,0.8154627111512253,0.7813142999969777,0.7406341134782063
20250822,63.51,0.6351200645147457,0.3648799354852543,65233406.0,29190436.0,1.6700397076412234,1.2124065621629105,0.6908573578270624,0.579382771202429
20250825,88.07,0.8806873574363117,0.11931264256368825,72221556.0,15916502.0,3.052707554661341,0.18809368973036555,0.8194139698426303,0.9419607450299932
20250826,-65.97,0.34030377646239407,0.659696223537606,49656256.0,94732214.0,1.007997138836347,1.9857555475308863,0.34390734938877043,0.33670020353601765
20250827,56.71,0.5671110804430611,0.43288891955693887,57356239.0,35120152.0,1.2757565110329643,1.2062773805379257,0.6202257503755743,0.513996410510548
20250828,53.6,0.5360110817256613,0.46398891827433875,38124365.0,49490444.0,1.9693315633030963,1.1227937488545132,0.4351360852706989,0.6368860781806236
20250829,-57.27,0.4273370999102327,0.5726629000897673,42945747.0,45594059.0,1.0081010272622448,1.7192259723522973,0.4850445120695205,0.369629687750945
20250901,-80.48,0.19516859740308568,0.8048314025969143,15522033.0,60709035.0,0.63999168356297,2.7875743814807863,0.20361820196458483,0.18671899284158652
20250902,58.28,0.5828043755196696,0.41719562448033043,50572903.0,30896549.0,1.2787425618313617,1.0682214844837088,0.6207590913953859,0.5448496596439533
20250903,59.68,0.5968135295192789,0.4031864704807211,44847010.0,35524917.0,1.7001478568043042,0.9745815337904649,0.5579934645588378,0.6356335944797201
20250904,77.9,0.7790189487126751,0.22098105128732487,59575678.0,19907992.0,1.985666371643455,0.47030853844129117,0.7495335582768133,0.8085043391485369
20250905,-51.37,0.48626476559273774,0.5137352344072622,34100885.0,59852444.0,1.3501484872256515,0.8647566676378053,0.3629555797857892,0.6095739513996863
20250908,66.24,0.6623928976699589,0.3376071023300411,48936515.0,24724958.0,1.495855465705234,0.7690741099630326,0.6643434214246571,0.6604423739152606
20250909,74.73,0.7472878962683895,0.25271210373161046,72548382.0,25658067.0,2.224398724207611,0.7185410831991276,0.7387333799229417,0.7558424126138373
20250910,88.82,0.888154325604431,0.11184567439556906,108658004.0,11476193.0,2.7750405765341215,0.40794125484732724,0.9044718882168081,0.8718367629920538
20250911,74.39,0.7438963603296856,0.25610363967031435,96363354.0,37161359.0,2.1654844725489557,0.6611370486344288,0.7216892800960374,0.7661034405633339
20250912,73.4,0.7340247934097714,0.26597520659022855,93921637.0,29063815.0,2.3271497090203144,0.9767302816279797,0.7636808701569028,0.7043687166626401
20250915,66.86,0.6686327919316792,0.3313672080683208,82563227.0,43530272.0,2.415073661779006,1.1235592730998598,0.6547778248266392,0.6824877590367192
20250916,61.26,0.6125559895511185,0.38744401044888155,96711155.0,40688989.0,1.800737573203906,1.6539349944334056,0.70386501923899,0.5212469598632469
20250917,-64.87,0.3513328998350973,0.6486671001649027,32789346.0,72323148.0,1.1739856196396523,1.8306828067524519,0.311945276457811,0.3907205232123836
20250918,73.29,0.7329294265447831,0.26707057345521684,82463148.0,31103539.0,2.1456791500162904,0.7549145241756665,0.7261209266411021,0.7397379264484641
20250919,-59.5,0.4049861115944605,0.5950138884055395,53454545.0,76281061.0,1.2857592946335779,1.9452346563100922,0.412026787773281,0.39794543541564
20250922,50.69,0.5068984100459459,0.49310158995405406,62439260.0,43103212.0,1.107775867909389,1.516081318685838,0.5916031604793187,0.4221936596125731
20250923,-50.68,0.4932269559105261,0.5067730440894739,64807029.0,45691014.0,1.0540870346689566,1.5814298514958844,0.586499337368355,0.3999545744526972
20250924,-61.3,0.3869748900036785,0.6130251099963215,60212014.0,47781905.0,0.729474311310397,2.6414831385995576,0.5575500413129743,0.21639973869438275
20250925,-53.05,0.4694751057427289,0.530524894257271,61634711.0,47632091.0,1.0177464338683464,1.697150118755817,0.5640753629817041,0.3748748485037537
20250926,-90.95,0.09050916519882846,0.9094908348011715,15436285.0,96442093.0,0.1769296415400914,3.9334565497905825,0.13797380044247692,0.04304452995517999
20250929,84.09,0.8409351074015274,0.15906489259847256,68170353.0,12541047.0,2.132102965113664,0.41444699957846054,0.844618641232837,0.837251573570218
20250930,-66.01,0.33985994162928745,0.6601400583707124,24747789.0,64199454.0,1.078646519549115,1.6079627611205942,0.2782299727940977,0.4014899104644772
20251001,57.67,0.5767291328314164,0.42327086716858353,63615040.0,34538265.0,1.3748741013060595,1.3458220663998395,0.6481191845755984,0.5053390810872345
20251002,81.92,0.8191866401424277,0.18081335985757224,132221477.0,24665494.0,2.4637637435036694,0.6330059806805349,0.8427817565551698,0.7955915237296857
20251010,55.32,0.5531677261213577,0.4468322738786423,120077918.0,55363089.0,2.0441719424694025,2.800977230317725,0.6844347285352734,0.42190072370744186
20251013,-59.05,0.40949912598037286,0.5905008740196271,53323077.0,83415745.0,1.4214470213661385,1.8916768118145875,0.3899629689657558,0.4290352829949899
20251014,-67.24,0.32757083183434904,0.6724291681656509,42297608.0,124403527.0,1.635147422810637,2.438377334697127,0.2537331734424004,0.4014084902262977
20251015,94.32,0.9431820214808146,0.056817978519185276,115048560.0,8631531.0,4.318287778458574,0.19802583753649006,0.9302108291624721,0.9561532137991573
20251016,83.38,0.8337693195877343,0.16623068041226582,126949387.0,23012087.0,4.054665896636504,0.8840741485953977,0.8465466737143434,0.820991965461125
20251017,50.66,0.5066350187652466,0.4933649812347534,91575159.0,62807855.0,1.693695143143346,2.337938797885162,0.5931686176304344,0.4201014199000588
20251020,87.81,0.8780729260768978,0.12192707392310217,105174746.0,16956086.0,3.4962936864016108,0.4102614277380615,0.8611645747242597,0.894981277429536
20251021,52.04,0.520439364743247,0.47956063525675297,77836454.0,81317675.0,1.702024999441578,1.3823853146946368,0.4890633657390064,0.5518153637474876
20251022,89.14,0.8914253116605817,0.10857468833941836,99809958.0,19201511.0,4.092424066926119,0.24188794639561806,0.8386583145192502,0.9441923088019131
20251023,-68.61,0.3139417401085227,0.6860582598914773,39875723.0,89580792.0,1.261110552840345,2.6815921583288413,0.3080240727938644,0.319859407423181
20251024,83.08,0.8307857896959842,0.1692142103040158,131003161.0,28521318.0,3.7499746484506336,0.712362183085181,0.8212103986874641,0.8403611807045042
20251027,88.85,0.8884595224532359,0.11154047754676404,159876775.0,20824125.0,4.099455183574118,0.49552293067034425,0.8847591517253096,0.8921598931811623
20251028,58.34,0.5833751980898048,0.41662480191019524,102261981.0,61990939.0,1.7364733920627275,1.4546236720448098,0.6225885116684684,0.5441618845111412
20251029,66.4,0.664049148592535,0.33595085140746495,138741942.0,49017172.0,2.258655149494674,1.575016176532611,0.7389358579951544,0.5891624391899157
20251030,-63.9,0.361048675207414,0.638951324792586,97486102.0,104408658.0,1.060413225178719,3.3719867337521827,0.48285602855665993,0.23924132185816813
20251031,62.1,0.6209736705725899,0.3790263294274101,138491970.0,65819434.0,2.5119203251493847,1.9410506660371394,0.6778474783522118,0.564099862792968
20251103,71.12,0.7111938720095161,0.2888061279904839,118856923.0,51284580.0,3.132395982546478,1.1952484427011885,0.6985768957266117,0.7238108482924205
20251104,-56.73,0.43271527187105435,0.5672847281289457,60780214.0,98590048.0,1.9910251751583417,2.122211450157195,0.38137738645369107,0.48405315728841763
20251105,-89.93,0.10071407892242415,0.8992859210775759,32525377.0,218121246.0,0.43344891136779506,5.615044962925063,0.12976586961636424,0.07166228822848407
20251106,55.34,0.553367059558197,0.446632940441803,85068563.0,121258321.0,3.9846306254352992,1.7533223383355052,0.4122999453624279,0.694434173753966
20251107,-76.54,0.23462957806989926,0.7653704219301007,57357540.0,122389343.0,0.8092996518807163,4.580374591237952,0.31910172261512876,0.1501574335246698
20251110,93.07,0.9307447826918043,0.06925521730819564,138012330.0,13814291.0,6.525212919975103,0.32557086975372285,0.9090127218203716,0.952476843563237
20251111,51.86,0.5185872376109356,0.4814127623890644,113013481.0,69716635.0,1.5611283916173737,2.167363571809232,0.618472113266759,0.41870236195511223
20251112,78.21,0.7821460074327924,0.2178539925672077,89647857.0,53545032.0,5.0755605456681545,0.3341675320901486,0.6260636099045394,0.9382284049610453
20251113,63.71,0.6370787929016645,0.3629212070983356,86984974.0,65649953.0,2.3491781095163935,0.9864502765842073,0.5698890529819561,0.7042685328213728
20251114,-89.66,0.10344545622942214,0.8965545437705779,16320680.0,130561256.0,0.49980455745963837,4.718634686049165,0.11111427616259088,0.0957766362962534
20251117,59.31,0.593056549363145,0.4069434506368551,64402594.0,50388951.0,2.509758104408062,1.505382215179053,0.5610395260382636,0.6250735726880264
20251118,-92.0,0.07997761298759398,0.920022387012406,15690862.0,110996094.0,0.21124161035852396,5.640352691821247,0.12385538729022742,0.036099838684960535
20251119,-51.07,0.4892712347271043,0.5107287652728958,50213635.0,69927322.0,1.8928649878992443,1.48371494061178,0.41795600978940095,0.5605864596648077
20251120,90.82,0.9082358254088598,0.09176417459114022,104260732.0,10865817.0,3.123743601058781,0.30572642922854854,0.9056184946532185,0.910853156164501
20251121,-90.7,0.09301510473806107,0.9069848952619388,10356260.0,96296722.0,0.4255587117270536,4.359881196563577,0.09710239513040526,0.08892781434571688
20251124,-55.44,0.4456480585184846,0.5543519414815155,79491031.0,82438271.0,1.6306954567362586,2.442006035565376,0.49089960876877,0.4003965082681992
20251125,-50.32,0.4968116238142105,0.5031883761857896,60219566.0,42104262.0,1.5067867138682138,2.2127213050550494,0.5885194795487909,0.40510376807963006
20251126,97.93,0.9792800059711038,0.02071999402889629,116188633.0,2096715.0,5.570013878648705,0.13529618917577502,0.9822740936603577,0.9762859182818497
20251127,55.66,0.5566208768836054,0.44337912311639455,46253100.0,43923678.0,1.8655696023657005,1.2420251793090071,0.5129158639932777,0.6003258897739331
20251128,-57.72,0.42281269057405113,0.577187309425949,36362842.0,54752565.0,1.296979451743036,1.607530630443699,0.3990855465311152,0.44653983461698704
20251201,-53.87,0.46134932692710673,0.5386506730728933,49695388.0,44783511.0,1.4794773110910513,2.2499456444198844,0.5259945715497807,0.3967040823044328
20251202,85.47,0.8546999193763847,0.14530008062361527,97372985.0,16761498.0,3.298055386354512,0.5536553877609016,0.8531425599045295,0.85625727884824
20251203,79.08,0.7907906026182763,0.2092093973817237,76565387.0,33654172.0,3.283335091304079,0.418621833547151,0.6946624328264641,0.8869187724100884
20251204,-50.9,0.49095069628608445,0.5090493037139155,60773554.0,53975350.0,1.3995823545635546,1.6949265846031079,0.529622086847993,0.452279305724176
20251205,81.39,0.8139455312698842,0.18605446873011583,111697812.0,18821892.0,2.677390775693338,0.7902902370758588,0.8557927161710388,0.7720983463687295
20251208,53.47,0.5346547097976746,0.46534529020232535,60592155.0,53429607.0,2.0548684822107086,1.7652945390642878,0.5314086884572087,0.5379007311381405
20251209,53.39,0.5339139578949639,0.4660860421050361,44520241.0,53640544.0,1.7623004397810704,1.1065694227267309,0.4535440603903076,0.6142838553996202
20251210,-75.0,0.2500236674448821,0.7499763325551179,21692592.0,67000393.0,0.714141557989971,2.0812980385169766,0.24458069598176224,0.2554666389080019
20251211,-52.86,0.4713782061950912,0.5286217938049088,53651959.0,93544364.0,1.9430272910616202,1.4170775388705068,0.36449252200409926,0.5782638903860832
20251212,84.45,0.8444529340653719,0.15554706593462805,114826565.0,16384440.0,4.068596513271042,0.931050233873618,0.8751290716811444,0.8137767964495994
20251215,-70.37,0.2962713075279886,0.7037286924720114,33514297.0,88688220.0,1.261445741191604,2.7017441257962305,0.2742521007157324,0.31829051434024475
20251216,-80.59,0.1940593014186376,0.8059406985813624,33120267.0,106587659.0,0.6667183611209566,3.747153428078306,0.2370679169627069,0.1510506858745683
20251217,60.35,0.6034570879036706,0.3965429120963294,68320635.0,50447281.0,1.9185804360206464,1.1187374037675153,0.5752448750553137,0.6316693007520274
20251218,-84.15,0.15849577472593673,0.8415042252740632,23738052.0,83676853.0,0.45157236288592295,4.2524276273687125,0.22099402312928546,0.09599752632258798
20251219,76.66,0.7665661659245613,0.23343383407543872,105471069.0,42650805.0,2.9573121418464803,0.6444384194442601,0.7120559992374927,0.8210763326116298
20251222,83.58,0.8358449273843142,0.16415507261568585,99367304.0,17246023.0,2.6191783347273647,0.576576392530629,0.8521093305227455,0.8195805242458828
20251223,55.76,0.5576050130216617,0.44239498697833834,93105452.0,38463520.0,1.1958763255057379,1.7383938885088521,0.7076550845133912,0.4075549415299322
20251224,-64.61,0.35393136792907287,0.6460686320709271,27433565.0,67121844.0,0.9721596193412456,1.355081129180169,0.2901321594410321,0.4177305764171137
20251226,-71.7,0.28299031764886773,0.7170096823511323,52280928.0,68117169.0,0.47489511417720887,3.1297095627961142,0.43423384009134297,0.1317467952063925
20251229,68.49,0.6849210724109093,0.3150789275890908,82520722.0,28478519.0,2.574388375967695,1.5353802372511276,0.743435011415979,0.6264071334058395
20251230,-62.27,0.37729302328451997,0.62270697671548,42508599.0,47884741.0,0.8269107340104891,2.081433560713608,0.470262510490264,0.284323536078776
20260102,55.55,0.5554692902951646,0.4445307097048355,81966502.0,42918455.0,2.397242142017744,2.876028663268698,0.6563360709648961,0.4546025096254329
20260105,82.74,0.8273929316734638,0.17260706832653627,142671332.0,23082680.0,3.671983882172388,0.9524217007215341,0.8607413496573465,0.7940445136895811
20260106,75.58,0.7557504004811669,0.24424959951883307,154475694.0,27091160.0,2.552524729195312,1.3107901748986568,0.8507923698452141,0.6607084311171197
20260107,-51.33,0.4866829926537228,0.5133170073462772,112450430.0,80449302.0,1.8340724857023165,2.8636374921855263,0.5829475698805014,0.3904184154269441
20260108,-67.55,0.3244570788188936,0.6755429211811064,51614259.0,148034851.0,1.4335674637806815,2.2385810478488075,0.2585248639475528,0.39038929369023434
20260109,78.93,0.789341469356429,0.21065853064357093,144708196.0,30197171.0,3.3567155230926864,1.1109731621936085,0.827351375672766,0.7513315630400921
20260112,75.95,0.7594689751533881,0.24053102484661187,124619136.0,57322141.0,3.787720233573163,0.753930216485961,0.68494152649044,0.8339964238163361
20260113,78.07,0.78066363093609,0.21933636906390996,133818012.0,58046330.0,4.456116668143206,0.7022278441282659,0.6974616054503759,0.8638656564218041
20260114,70.07,0.7006658165767204,0.29933418342327955,149432178.0,53588430.0,3.064936672816304,1.5420006593936408,0.7360443822530568,0.6652872509003841
20260115,81.42,0.8142286063085701,0.18577139369142984,157105986.0,36705782.0,3.443464687412983,0.7669423464655893,0.8106111802251347,0.8178460323920055
20260116,55.27,0.5527031657871806,0.4472968342128194,150587301.0,95276964.0,2.055520353462919,2.1145275002831334,0.6124814478427761,0.49292488373158516
20260119,76.33,0.7633323039011022,0.2366676960988978,149919250.0,38930439.0,3.2901600522113417,1.1996276702687092,0.7938548948312009,0.7328097129710035
20260120,72.31,0.7231067941841853,0.27689320581581467,161234318.0,88555203.0,3.686202302807117,0.917333300738251,0.6454807125395785,0.8007328758287922
20260121,-52.87,0.47127275424352566,0.5287272457564743,112957379.0,95547889.0,1.8997721246440458,2.840211555801915,0.5417483216778964,0.40079718680915494
20260122,74.08,0.7408432551506179,0.2591567448493821,190613366.0,66221482.0,3.9391013784319373,1.387439631665909,0.742163174056505,0.7395233362447307
20260123,71.25,0.7125260328456342,0.2874739671543658,165646358.0,88243723.0,3.9602505772040173,1.1654997257142714,0.6524333575678366,0.7726187081234318
20260126,-62.97,0.3702618307858013,0.6297381692141988,56494708.0,98432922.0,1.5330728746380695,2.5456434220112225,0.3646522444059849,0.3758714171656178
20260127,71.78,0.7178376624018021,0.2821623375981979,131574350.0,53361003.0,2.839879041583501,1.081446720018283,0.7114613180531253,0.7242140067504789
20260128,68.72,0.6871559173316244,0.3128440826683757,132662119.0,79468491.0,3.0973436940493224,1.0383348477045327,0.6253794254398269,0.7489324092234219
20260129,68.67,0.6867268219029268,0.3132731780970733,139848433.0,101264777.0,3.59859443320383,0.9368268715054415,0.5800114933561707,0.7934421504496827
20260130,-67.74,0.3225814820304944,0.6774185179695056,66469053.0,153055161.0,1.6025049853370597,3.0780351710602396,0.30278688527726605,0.3423760787837227
20260202,-95.5,0.045015959023415375,0.9549840409765846,13225919.0,188325414.0,0.18119279875478012,7.241298014450707,0.0656205980041819,0.024411320042648857
20260203,98.29,0.9828838554919801,0.017116144508019973,215456138.0,3976333.0,9.182878598958787,0.15037079788268037,0.9818790127920494,0.9838886981919108
20260204,93.01,0.9301225893617668,0.0698774106382331,278756206.0,17733569.0,5.852370625739298,0.5085082653677112,0.9401882611297472,0.9200569175937866
20260205,-72.53,0.2747350893761615,0.7252649106238385,96452267.0,184295198.0,1.2367207588831437,4.769258496396347,0.3435552552540412,0.20591492349828178
20260206,-72.87,0.27129428537156136,0.7287057146284387,86989013.0,161972643.0,1.0415597505688876,4.350058155212917,0.34940727177682335,0.19318129896629938
20260209,97.25,0.972471905905554,0.02752809409444608,209628378.0,7041999.0,7.408922730383802,0.17096598872995228,0.9674990227205816,0.9774447890905262
20260210,77.3,0.7729816264555047,0.22701837354449522,271686789.0,73441276.0,4.237511717805303,1.3472918168905874,0.787205726083157,0.7587575268278526
20260211,78.35,0.7835158756049889,0.21648412439501108,211236215.0,35344937.0,3.3692007607521672,1.3736692330064035,0.8566600216061931,0.7103717296037846
20260212,77.88,0.7787583679225905,0.2212416320774096,220627697.0,83721730.0,4.587496566025482,0.9223415364664074,0.7249157626966717,0.8326009731485091
20260213,51.17,0.511650527070584,0.4883494729294159,226913150.0,99160717.0,1.4851282334705023,3.0509146567800216,0.6958949273907927,0.3274061267503754
20260219,92.04,0.9204010583059117,0.07959894169408835,372487244.0,18887345.0,5.350847940601428,0.667689885953537,0.9517410032974829,0.8890611133143403
20260220,76.66,0.7666246721031795,0.23337532789682042,255470666.0,96326327.0,4.446277757855695,1.0629396019990462,0.726187747716195,0.8070615964901642
20260223,-53.37,0.46628695325545866,0.5337130467445413,113003092.0,241682625.0,2.9336920544255785,1.8445159795324844,0.31860062749580637,0.613973279015111
20260224,54.87,0.5486723457309606,0.4513276542690394,121593216.0,127810352.0,2.6543906887851128,1.6984345370484852,0.48753599226776095,0.6098086991941601
20260225,67.7,0.6770373123380706,0.32296268766192937,202412185.0,143667463.0,3.943851186485137,1.1833408136415713,0.5848716795967153,0.7692029450794261
20260226,65.74,0.6573912428465545,0.34260875715344546,276546530.0,83524562.0,2.8840198245687345,2.3908283789125346,0.768033136078583,0.5467493496145259
20260227,-63.74,0.3625813920212666,0.6374186079787334,130812884.0,230262882.0,1.9059543148182008,3.3463989589889183,0.3622865235436487,0.3628762604988845
20260303,-78.69,0.21311986111650116,0.7868801388834988,118719845.0,298188234.0,1.753659011823335,10.641698439720603,0.28476263948821195,0.14147708274479034
20260304,-100.0,0.0,1.0,0.0,442622341.0,0.0,25.190203511425278,0.0,0.0
20260305,99.86,0.998627084756403,0.0013729152435969613,309820984.0,431406.0,15.242582361509212,0.02068677144644615,0.9986094998333453,0.9986446696794608
20260306,72.35,0.7235481706905473,0.2764518293094527,152008324.0,75268493.0,3.994208885413869,1.137943064767145,0.6688245902352636,0.778271751145831
20260309,-89.53,0.10473188347974938,0.8952681165202506,36202177.0,187458781.0,0.4261220480831496,8.525661786024367,0.16186185252769952,0.047601914431799223
20260310,89.76,0.8975976028803638,0.10240239711963614,166137940.0,21711066.0,5.94052571476504,0.5819880801561949,0.8844227794316889,0.9107724263290389
20260311,84.55,0.8455069210772312,0.15449307892276876,182776907.0,32022138.0,4.40470974912386,0.8384095997115185,0.8509204824444169,0.8400933597100457
20260312,57.24,0.5724018069361385,0.4275981930638615,103782919.0,80813677.0,2.2453884868396723,1.6087673609825506,0.5622146954432464,0.5825889184290306
20260313,-65.29,0.34714758594758266,0.6528524140524173,115572063.0,120091449.0,0.99878201731996,3.899998318684212,0.49041135820805387,0.20388381368711145
20260316,-67.38,0.3261869907577835,0.6738130092422165,59378443.0,100562005.0,1.2915550845580177,3.302755669995178,0.3712534492838234,0.2811205322317436
20260317,90.67,0.9067142132758702,0.09328578672412988,126269119.0,16728532.0,4.402797855963115,0.32929147704734996,0.8830153370841036,0.9304130894676368
20260318,97.0,0.9699931186548882,0.030006881345111716,286000467.0,9206805.0,6.407687587376425,0.19019156734201037,0.9688124044586544,0.9711738328511222
20260319,-67.35,0.3264735297333622,0.6735264702666377,98433799.0,102669912.0,0.8574639585037334,4.387630557359574,0.48946783980530323,0.1634792196614212
20260320,84.73,0.847349619911062,0.152650380088938,250545576.0,57284081.0,5.254695953757656,0.7111975322834773,0.8139098046683657,0.8807894351537583
20260323,-97.95,0.020463654491274554,0.9795363455087255,7180600.0,197326923.0,0.06699261296604475,11.452390895140615,0.0351116667722781,0.005815642210271002
20260324,71.07,0.7107313081627823,0.2892686918372177,109675324.0,88600646.0,5.272210411778365,0.79954163675538,0.5531448112446505,0.868317805080914
20260325,85.42,0.8541895317694417,0.1458104682305583,135152478.0,36703498.0,5.075634915000024,0.429688706066118,0.7864287361179689,0.9219503274209144
20260326,-85.46,0.14544175213233854,0.8545582478676614,20927995.0,145300278.0,0.7258143319373569,3.673477033926117,0.12589913028814298,0.1649843739765341
20260327,56.55,0.565533783806832,0.43446621619316805,106725621.0,88413048.0,2.4952968185739035,1.776406563659156,0.5469219481045041,0.5841456195091597
20260330,-79.29,0.2070620611044478,0.7929379388955522,47634777.0,102398214.0,0.6357276953229689,5.943344782457885,0.317495350072705,0.09662877213619057
20260331,-90.42,0.0958389844601788,0.9041610155398212,24169282.0,161014836.0,0.341091814813391,5.235666857228567,0.13051487493112127,0.06116309398923632
20260401,98.81,0.9881254296874364,0.011874570312563552,230328369.0,3090717.0,10.831979439001564,0.11503203806920015,0.9867589362422574,0.9894919231326155
20260402,-94.14,0.05858991972974521,0.9414100802702547,15317623.0,217430454.0,0.44096221774835986,8.14344515094172,0.06581202816983961,0.05136781128965081
20260403,80.13,0.8013343956172443,0.1986656043827557,142095603.0,32518665.0,3.9502100752979743,1.0570265359246314,0.8137685690152193,0.7889002222192693
20260406,69.43,0.6943322731383774,0.3056677268616225,114393296.0,44157989.0,2.5032842295367566,1.2487883058669853,0.7214908160473124,0.6671737302294425
20260407,-51.26,0.48743162089887193,0.512568379101128,114094032.0,62283079.0,1.2026426031951882,2.464087742807821,0.6468755007558775,0.3279877410418664
20260408,96.07,0.9606507616558402,0.03934923834415975,269165181.0,13061277.0,10.022903326442034,0.3358200318768093,0.953720579237826,0.9675809440738544
20260409,59.58,0.5958151459484388,0.40418485405156124,170158168.0,108283779.0,2.4530462415185212,1.7725404194403063,0.6111082393774527,0.5805220525194248
20260410,77.87,0.778739884442116,0.22126011555788413,155268820.0,40160937.0,3.4140244578677477,1.060565570886666,0.7944993760597062,0.7629803928245257
20260413,-76.63,0.23367549746549265,0.7663245025345073,30000082.0,110582637.0,1.173764883789013,3.448213460999915,0.2133980777537814,0.2539529171772039
20260414,78.88,0.7887716673815464,0.21122833261845358,133237108.0,49412790.0,3.739012391582556,0.6698044562250496,0.7294671908330329,0.8480761439300599
20260415,89.62,0.8961581282146736,0.10384187178532639,258486729.0,21342848.0,4.1703537675498765,0.6309535442305538,0.9237291203138258,0.8685871361155213
20260416,92.21,0.9221050097225212,0.0778949902774788,197516948.0,15495201.0,4.259526605291105,0.38577718319908194,0.9272567265635163,0.9169532928815262
20260417,60.6,0.6060128278190453,0.3939871721809547,134773558.0,76560461.0,2.151251322901647,1.5946288497693932,0.6377277006216401,0.5742979550164505
20260420,-53.83,0.4616955205484671,0.5383044794515329,66693867.0,84656022.0,1.4786303822218212,1.5844228721577585,0.44066016460705826,0.4827308764898759
20260421,85.52,0.8551809536551556,0.1448190463448445,246984497.0,23214432.0,3.8074660479456206,0.9741129015888734,0.9140839229603313,0.7962779843499798
20260422,60.68,0.6068084963706,0.39319150362940003,95144970.0,100354746.0,3.0788737144174916,1.15650806570087,0.48667574534993185,0.7269412473912682
20260423,58.22,0.5821677056020578,0.4178322943979422,164621372.0,109750588.0,2.2769485807522694,1.7577478202781622,0.5999934249840982,0.5643419862200174
20260424,68.66,0.6866243513165309,0.3133756486834692,107293434.0,76414008.0,4.164342358705902,1.1122965484130685,0.5840451145141959,0.7892035881188658
20260427,69.26,0.6926279566554261,0.3073720433445739,133755043.0,56026779.0,2.731796898918348,1.282760794490971,0.7047832168035567,0.6804726965072955
20260428,70.45,0.7045228413231084,0.29547715867689167,207933427.0,73529962.0,2.7557414396382516,1.3555423016758503,0.738758343451908,0.6702873391943086
20260429,64.88,0.6488239255619329,0.35117607443806714,105971588.0,76726367.0,3.129166836362619,1.23136808613156,0.5800370781380667,0.7176107729857991
20260430,-68.81,0.3118811770882858,0.6881188229117141,77234975.0,135094554.0,1.2785565503127123,3.6387446858121564,0.3637505125346932,0.2600118416418784
20260504,76.22,0.762191256745093,0.23780874325490697,268410795.0,71529991.0,4.479332801193703,1.6166439827693329,0.7895810272086622,0.734801486281524
20260506,63.49,0.6348776282385862,0.3651223717614138,345703952.0,81341509.0,3.2251537712883973,3.7825414392597954,0.8095249418890322,0.4602303145881401
20260507,55.3,0.5529975501338544,0.44700244986614546,174376526.0,126048643.0,2.8540308428750003,2.5763988236819992,0.5804324803425508,0.5255626199251582
20260508,-56.86,0.43136152907552805,0.5686384709244721,78437597.0,142195469.0,2.6646950961979,2.588921795295965,0.35551152155951093,0.5072115365915452
20260511,57.34,0.5734228619080672,0.4265771380919328,258322382.0,95163919.0,2.319143721636138,3.2549033859626055,0.7307847044403568,0.4160610193757776
20260512,-80.97,0.19028488311009384,0.8097151168899062,60453558.0,266449256.0,1.3658962747647345,5.615730861279829,0.18492822762914485,0.19564153859104286
20260513,51.11,0.5111475286364415,0.48885247136355847,140782967.0,102972927.0,2.4698968876394076,3.0837045023490295,0.577557181037846,0.44473787623503713
20260514,84.18,0.8418083030915859,0.158191696908414,239575195.0,64877747.0,7.644178323115295,0.8804895247592072,0.7869038591849115,0.8967127469982605
20260515,-78.32,0.21675679829044608,0.7832432017095539,105688449.0,252738335.0,1.2895212534230978,8.011297912871864,0.29486760955899993,0.1386459870218922
20260518,-66.83,0.3316773929714022,0.6683226070285978,109293913.0,113183731.0,1.1549447477841837,5.55607229309997,0.4912579575860665,0.17209682835673795
20260519,-82.32,0.17677972118335158,0.8232202788166484,48569033.0,161292025.0,0.7350765118176212,5.283963420876408,0.23143423302478539,0.1221252093419178
20260520,-83.8,0.16196069845151378,0.8380393015484863,49524332.0,138719586.0,0.37308814571403404,5.759655672323734,0.2630859606311424,0.06083543627188512
20260521,97.78,0.9778116372155354,0.02218836278446463,210727405.0,4584606.0,10.413740342581132,0.2460697471983041,0.9787071516414382,0.9769161227896327
20260522,85.69,0.8568540048983904,0.14314599510160964,131789923.0,30939504.0,5.134747299520087,0.5463102470628892,0.8098714868577519,0.9038365229390288
20260526,64.01,0.6401022241096641,0.3598977758903359,143302677.0,52947281.0,2.8038613531079704,2.2940723804950878,0.7302048798400252,0.5499995683793029
20260527,-62.71,0.3729370267924651,0.627062973207535,153656451.0,128187036.0,1.4258385256973443,5.678827411838565,0.5451836146208339,0.20069043896409627
20260528,-75.36,0.2464302389634095,0.7535697610365905,56740691.0,177291843.0,1.356328068169597,4.060045000720812,0.2424478769263764,0.2504126010004426
20260529,70.66,0.7065616889210005,0.29343831107899954,317840985.0,113295429.0,4.055138356851241,1.944415689211151,0.7372167478296092,0.6759066300123917
20260601,53.46,0.5346294007246708,0.4653705992753292,178427314.0,159942025.0,3.7364364025336805,3.1580758051115647,0.5273152541755564,0.5419435472737852
20260602,-55.7,0.4429958198375419,0.5570041801624581,187822755.0,130289601.0,2.2619775006469,5.391145969398482,0.5904289835255566,0.2955626561495272
20260604,-53.0,0.4699793301910147,0.5300206698089852,74157418.0,118139966.0,3.2924287194589166,2.647158869710084,0.3856392450975828,0.5543194152844466
20260605,-86.31,0.13686122882643234,0.8631387711735676,28603666.0,168780814.0,0.7565584664527805,5.116931913098058,0.14491345013549192,0.12880900751737276
20260608,-94.89,0.051053080458955395,0.9489469195410446,18151830.0,182149676.0,0.15132793861671656,13.026384748831505,0.090622533811603,0.011483627106307796
20260609,85.45,0.8545094972115197,0.14549050278848022,160882859.0,41849655.0,7.909033237843526,0.7304989409246389,0.7935720611642985,0.915446933258741
20260610,-60.27,0.39728439732097526,0.6027156026790247,71950230.0,125825886.0,2.385324898760112,3.15199521798405,0.3637963544597064,0.43077244018224414
20260611,53.41,0.534078066804953,0.46592193319504704,66720328.0,143451973.0,4.229833396828084,1.4046799363239142,0.3174553815252753,0.7507007520846306
20260612,88.55,0.8854532453696985,0.11454675463030153,226204844.0,23114074.0,7.635123442661028,1.2057608569949765,0.9072911346422576,0.8636153560971394
20260615,90.25,0.9025432200799945,0.09745677992000554,259454407.0,17765822.0,7.785018876266125,1.171802793140274,0.9359144097669727,0.8691720303930164
20260616,69.2,0.6919774186575394,0.30802258134246063,163793668.0,86459868.0,4.207292913299058,1.5605155766747423,0.654510903694084,0.7294439336209947
20260617,-61.73,0.3826608783007346,0.6173391216992654,99930785.0,105560738.0,1.4559454003343522,3.7621134111211076,0.4863012524365786,0.27902050416489055
20260618,-79.29,0.2070742407477523,0.7929257592522478,61988053.0,117812355.0,0.515062657890843,6.907859748417476,0.34476035782966635,0.06938812366583823
20260619,-80.36,0.1964262353902832,0.8035737646097167,46840196.0,180940027.0,1.0250673499204488,4.4502870867727715,0.20563767733250485,0.18721479344806158
20260622,-80.02,0.19984306170885083,0.8001569382911492,41787016.0,101144248.0,0.7735396305157163,6.433662423014525,0.2923574229358246,0.10732870048187702
20260623,-98.16,0.01839423698931835,0.9816057630106816,3277303.0,191110631.0,0.2246886602999072,11.049840519870793,0.01685960096679663,0.019928873011840067
